Workbook

Sheet Tổng quan
B1: THNG – BÁO CÁO MUA HÀNG THEO DỰ ÁN
B2: Tổng quan & KPI – tự động tổng hợp từ các sheet chi tiết
B4: THAM SỐ (ô vàng – nhập tay)
B5: Tên đơn vị | C5: THNG
B6: Người lập báo cáo | C6: Phòng Mua hàng
B7: Năm báo cáo | C7: 2026 | D7: Điều khiển sheet "Báo cáo tháng"
B8: Ngưỡng tỷ lệ hàng lỗi cho phép | C8: 0.02 | D8: Tỷ lệ lỗi <= ngưỡng => "Đạt"
B9: Ngày cập nhật | C9: =TODAY() -> 46234 | D9: Tự động theo ngày mở file
B11: A. TIẾP NHẬN & XỬ LÝ YÊU CẦU CHECK GIÁ (quy trình 1)
B12: Số yêu cầu check giá đã tiếp nhận | C12: =COUNTIF('Check giá'!$A$4:$A$203,"?*") -> 2
B13: Số YC đã trả giá | C13: =COUNTIF('Check giá'!$N$4:$N$203,"Đã trả giá") -> 1
B14: Số YC đang xử lý | C14: =COUNTIF('Check giá'!$O$4:$O$203,"Đang xử lý") -> 0
B15: Số YC quá hạn chưa trả giá | C15: =COUNTIF('Check giá'!$O$4:$O$203,"Quá hạn chưa trả") -> 1
B16: Tỷ lệ trả giá đúng hạn (SLA) | C16: =IFERROR(COUNTIF('Check giá'!$O$4:$O$203,"Đúng hạn")/(COUNTIF('Check giá'!$O$4:$O$203,"Đúng hạn")+COUNTIF('Check giá'!$O$4:$O$203,"Trả trễ")),"") -> 1
B17: Thời gian xử lý bình quân (ngày) | C17: =IFERROR(AVERAGEIFS('Check giá'!$M$4:$M$203,'Check giá'!$M$4:$M$203,">=0"),"") -> 5
B18: Số NCC báo giá bình quân / yêu cầu | C18: =IFERROR(AVERAGEIFS('Check giá'!$P$4:$P$203,'Check giá'!$A$4:$A$203,"?*"),"") -> 1.5
B19: Tổng dự toán các yêu cầu check giá | C19: =SUM('Check giá'!$J$4:$J$203) -> 1366000000
B20: Tổng giá chốt sau khi hỏi giá | C20: =SUM('Check giá'!$R$4:$R$203) -> 236000000
B21: Chênh lệch giá chốt so dự toán | C21: =SUM('Check giá'!$S$4:$S$203) -> -14000000 | D21: Âm = chốt thấp hơn dự toán
B23: B. PR – PO – HỢP ĐỒNG (quy trình 2)
B24: Số đề nghị mua hàng (PR) | C24: =COUNTIF(PR!$A$4:$A$203,"?*") -> 1
B25: Số PR đã duyệt | C25: =COUNTIF(PR!$N$4:$N$203,"Đã duyệt") -> 1
B26: Tổng giá trị dự toán PR | C26: =SUM(PR!$L$4:$L$203) -> 250000000
B27: Số PO đã phát hành | C27: =COUNTIF(PO!$A$4:$A$203,"?*") -> 1
B28: Tổng giá trị PO phát hành | C28: =SUM(PO!$L$4:$L$203) -> 236000000
B29: Dự toán của các PR đã ra PO | C29: =SUM(PO!$M$4:$M$203) -> 250000000
B30: Tiết kiệm được sau đàm phán | C30: =SUM(PO!$N$4:$N$203) -> 14000000 | D30: Dự toán PR – giá trị PO thực tế
B31: Tỷ lệ tiết kiệm | C31: =IFERROR($C$30/$C$29,"") -> 0.056
B33: C. TIẾN ĐỘ GIAO HÀNG & CHẤT LƯỢNG (quy trình 2)
B34: Số PO đã đến hạn giao | C34: =COUNTIF(PO!$S$4:$S$203,"Đúng hạn")+COUNTIF(PO!$S$4:$S$203,"Giao trễ")+COUNTIF(PO!$S$4:$S$203,"Trễ hạn") -> 1
B35: Số PO giao đúng hạn | C35: =COUNTIF(PO!$S$4:$S$203,"Đúng hạn") -> 0
B36: Số PO giao trễ (đã nhận nhưng trễ) | C36: =COUNTIF(PO!$S$4:$S$203,"Giao trễ") -> 1
B37: Số PO trễ hạn (quá hạn, chưa giao) | C37: =COUNTIF(PO!$S$4:$S$203,"Trễ hạn") -> 0
B38: Tỷ lệ giao đúng hạn của NCC | C38: =IFERROR($C$35/$C$34,"") -> 0 | D38: Trên số PO đã đến hạn giao
B39: Số PO đã kiểm tra chất lượng | C39: =COUNTIF(PO!$Y$4:$Y$203,"Đạt")+COUNTIF(PO!$Y$4:$Y$203,"Không đạt") -> 1
B40: Số PO đạt chất lượng | C40: =COUNTIF(PO!$Y$4:$Y$203,"Đạt") -> 1
B41: Tỷ lệ hàng đạt chất lượng | C41: =IFERROR($C$40/$C$39,"") -> 1
B42: Tỷ lệ hàng lỗi bình quân | C42: =IFERROR(SUM(PO!$V$4:$V$203)/SUM(PO!$U$4:$U$203),"") -> 0.015
B44: D. THANH TOÁN & CÔNG NỢ PHẢI TRẢ (quy trình 3)
B45: Tổng giá trị PO | C45: =$C$28 -> 236000000
B46: Đã thanh toán | C46: =SUM('Thanh toán'!$H$4:$H$203) -> 180000000
B47: Còn phải trả | C47: =SUM('Công nợ'!$I$4:$I$203) -> 56000000
B48: Trong đó: nợ quá hạn | C48: =SUMIFS('Công nợ'!$I$4:$I$203,'Công nợ'!$K$4:$K$203,">0") -> 56000000
B49: Tỷ lệ nợ quá hạn / còn phải trả | C49: =IFERROR($C$48/$C$47,"") -> 1
B51: E. TUỔI NỢ QUÁ HẠN (AGING) (quy trình 3)
B52: Quá hạn 1-30 ngày | C52: =SUMIFS('Công nợ'!$I$4:$I$203,'Công nợ'!$K$4:$K$203,">=1",'Công nợ'!$K$4:$K$203,"<=30") -> 0
B53: Quá hạn 31-60 ngày | C53: =SUMIFS('Công nợ'!$I$4:$I$203,'Công nợ'!$K$4:$K$203,">=31",'Công nợ'!$K$4:$K$203,"<=60") -> 0
B54: Quá hạn 61-90 ngày | C54: =SUMIFS('Công nợ'!$I$4:$I$203,'Công nợ'!$K$4:$K$203,">=61",'Công nợ'!$K$4:$K$203,"<=90") -> 0
B55: Quá hạn >90 ngày | C55: =SUMIFS('Công nợ'!$I$4:$I$203,'Công nợ'!$K$4:$K$203,">90") -> 56000000
B56: Tổng nợ quá hạn | C56: =SUM($C$52:$C$55) -> 56000000
B57: Nợ còn trong hạn | C57: =SUMIFS('Công nợ'!$I$4:$I$203,'Công nợ'!$L$4:$L$203,"Trong hạn") -> 0
B59: F. DỰ ÁN
B60: Số dự án trong danh mục | C60: =COUNTIF('Dự án'!$A$4:$A$203,"?*") -> 2
B61: Số dự án đang thực hiện | C61: =COUNTIF('Dự án'!$H$4:$H$203,"Đang thực hiện") -> 1
B62: Tổng ngân sách mua hàng của dự án | C62: =SUM('Dự án'!$G$4:$G$203) -> 8200000000
B63: Giá trị PO đã phát hành | C63: =$C$28 -> 236000000
B64: Tỷ lệ sử dụng ngân sách | C64: =IFERROR($C$63/$C$62,"") -> 0.028780488
B65: Ngân sách mua hàng còn lại | C65: =$C$62-$C$63 -> 7964000000
B67: Lưu ý: các dòng dữ liệu ví dụ ở tất cả các sheet cần XOÁ TRƯỚC KHI DÙNG THẬT.

Sheet Hướng dẫn
B1: HƯỚNG DẪN SỬ DỤNG – BÁO CÁO MUA HÀNG THEO DỰ ÁN (THNG)
B3: I. QUY ƯỚC MÀU SẮC
B4: Chữ XANH DƯƠNG | C4: Ô nhập tay – người dùng gõ dữ liệu vào.
B5: Chữ ĐEN | C5: Ô công thức – KHÔNG gõ đè, sẽ đứt chuỗi liên kết dữ liệu.
B6: Ô nền VÀNG | C6: Tham số điều chỉnh (sheet "Tổng quan" ô C5:C8).
B7: Dòng tô ĐỎ | C7: Cảnh báo tự động: trả giá trễ, giao trễ / trễ hạn, chất lượng không đạt, nợ quá hạn, vượt ngân sách dự án.
B8: Dòng tô XANH LÁ | C8: Báo giá của NCC được chọn; PO đã thanh toán đủ.
B9: Màu thẻ sheet | C9: Xanh nhạt = quy trình 1 (check giá) · Xanh đậm = quy trình 2 (PO/HĐ/tiến độ/chất lượng) · Xanh lá = quy trình 3 (thanh toán/công nợ) · Cam = danh mục · Đỏ = báo cáo.
B11: II. QUY TRÌNH 1 – TIẾP NHẬN & XỬ LÝ YÊU CẦU CHECK GIÁ
B12: Sheet "Dự án" | C12: Khai báo danh mục dự án trước tiên: mã dự án, chủ đầu tư, PM, ngân sách mua hàng, trạng thái.
B13: Sheet "Check giá" | C13: Phòng Dự án/Đấu thầu gửi yêu cầu check giá → nhập Mã YC, Ngày nhận, Mã dự án (tự kéo tên dự án), hạng mục, số lượng, đơn giá dự toán, HẠN TRẢ GIÁ. Khi trả giá xong nhập Ngày trả giá thực tế → tự tính số ngày xử lý và đánh giá SLA: Đúng hạn / Trả trễ / Quá hạn chưa trả / Đang xử lý.
B14: Sheet "Báo giá" | C14: Mỗi dòng = 1 báo giá của 1 NCC cho 1 Mã YC. Nhập Mã YC + Mã NCC → tự kéo dự án, hạng mục, số lượng, dự toán, tên NCC, điều khoản TT. Nhập đơn giá → tự tính thành tiền, giá thấp nhất của YC, chênh lệch so giá thấp nhất và so dự toán. Đánh "x" ở cột NCC được chọn.
B15: Kết quả trả về | C15: Sheet "Check giá" tự lấy đơn giá chốt / giá trị chốt từ dòng báo giá được chọn, tự đếm số NCC đã báo giá và tự báo đã lập PR hay chưa.
B17: III. QUY TRÌNH 2 – PO, HỢP ĐỒNG, TIẾN ĐỘ & CHẤT LƯỢNG
B18: Sheet "PR" | C18: Khi dự án trúng thầu/duyệt mua: nhập Mã PR + Mã YC → tự kéo dự án, bộ phận, hạng mục, ĐVT và đơn giá chốt từ bước check giá. Nhập số lượng và đơn giá dự toán → ra giá trị dự toán. Cập nhật trạng thái duyệt.
B19: Sheet "PO" | C19: Nhập Mã PO + Mã PR + Mã NCC → tự kéo dự án, hạng mục, bộ phận, dự toán PR, tên NCC, điều khoản TT. Nhập số lượng/đơn giá → giá trị PO và tiết kiệm đàm phán. Nhập số hợp đồng, ngày ký HĐ.
B20: Theo dõi tiến độ | C20: Nhập Ngày giao cam kết và Ngày nhận thực tế → tự đánh giá: chưa nhận & chưa tới hạn = "Chưa đến hạn"; chưa nhận & đã quá hạn = "Trễ hạn"; nhận <= cam kết = "Đúng hạn"; nhận > cam kết = "Giao trễ". Số ngày trễ tự tính.
B21: Theo dõi chất lượng | C21: Nhập SL nhận thực tế và SL hàng lỗi → tỷ lệ hàng lỗi tự tính; so với ngưỡng ở ô vàng "Tổng quan"!C8 để chấm "Đạt" / "Không đạt". Nhập thêm SL trả lại NCC.
B23: IV. QUY TRÌNH 3 – THEO DÕI TÌNH TRẠNG THANH TOÁN
B24: Hạn thanh toán | C24: Tự tính tại sheet "PO" = Ngày nhận thực tế + Điều khoản thanh toán (số ngày) của NCC.
B25: Sheet "Thanh toán" | C25: Sổ chi tiền. Một PO chi nhiều đợt = nhiều dòng. Nhập Mã PO → tự kéo dự án, NCC, giá trị PO; luỹ kế đã trả và số còn phải trả của PO tự tính.
B26: Sheet "Công nợ" | C26: 100% công thức, không nhập tay. Tự tổng hợp theo từng dòng PO: đã trả, còn phải trả, số ngày quá hạn, nhóm tuổi nợ (Trong hạn / 1-30 / 31-60 / 61-90 / >90), trạng thái.
B28: V. BÁO CÁO
B29: Tổng quan | C29: KPI toàn bộ, chia đúng 3 nhóm quy trình + phần dự án.
B30: Báo cáo tháng | C30: 12 tháng của năm tại ô vàng "Tổng quan"!C7: yêu cầu check giá, SLA trả giá, giá trị PR, giá trị PO, tiết kiệm, giao đúng hạn, chất lượng, tiền đã chi.
B31: Thống kê NCC | C31: Giá trị mua, tỷ lệ trúng thầu, giao đúng hạn, tỷ lệ hàng lỗi, công nợ và nợ quá hạn theo từng NCC.
B32: Thống kê dự án | C32: Ngân sách, giá trị YC/PR/PO, tiết kiệm, % sử dụng ngân sách, giao hàng, đã trả – còn nợ – nợ quá hạn theo từng dự án.
B34: VI. QUY ƯỚC MÃ & ĐỊNH DẠNG
B35: Mã dự án | C35: DA-YYYY-nn.
B36: Mã yêu cầu check giá | C36: YC-YYYY-nnn.
B37: Mã báo giá / PR / PO / phiếu chi | C37: BG-YYYY-nnn · PR-YYYY-nnn · PO-YYYY-nnn · PC-YYYY-nnn.
B38: Nguyên tắc nối chuỗi | C38: Mã ở bước sau phải trùng khớp tuyệt đối mã bước trước (không thừa dấu cách) thì công thức mới kéo được dữ liệu.
B39: Định dạng | C39: Font Arial · tiền #,##0 · tỷ lệ dạng % (lưu dạng phân số) · ngày dd/mm/yyyy.
B41: VII. LƯU Ý
B42: Số dòng | C42: Công thức kéo sẵn 200 dòng (dòng 4 → 203) mỗi sheet. Cần thêm thì copy dòng cuối kéo xuống.
B43: Dữ liệu ví dụ | C43: Chuỗi mẫu: DA-2026-01 → YC-2026-001 → BG-2026-001/002/003 → PR-2026-001 → PO-2026-001 → PC-2026-001/002. YC-2026-002 là ví dụ yêu cầu quá hạn chưa trả giá. XOÁ TRƯỚC KHI DÙNG THẬT.
B45: Ví dụ ô nhập tay | C45: Ví dụ ô công thức

Sheet Dự án
A1: DANH MỤC DỰ ÁN
A2: Khai báo trước tiên. Mã dự án là khoá liên kết cho toàn bộ chuỗi mua hàng.
A3: Mã dự án | B3: Tên dự án | C3: Khách hàng / Chủ đầu tư | D3: Quản lý dự án (PM) | E3: Ngày bắt đầu | F3: Ngày kết thúc dự kiến | G3: Ngân sách mua hàng | H3: Trạng thái dự án | I3: Ghi chú
A4: DA-2026-01 | B4: Nhà máy Bao bì Tân Uyên – Giai đoạn 2 | C4: Công ty CP Bao bì Tân Uyên | D4: Phạm Minh Đức | E4: 46024 | F4: 46295 | G4: 5000000000 | H4: Đang thực hiện | I4: VÍ DỤ MẪU – XOÁ TRƯỚC KHI DÙNG THẬT
A5: DA-2026-02 | B5: Kho lạnh Long An | C5: Công ty TNHH Thực phẩm Long An | D5: Vũ Thị Hà | E5: 46027 | F5: 46387 | G5: 3200000000 | H5: Đang chào giá | I5: VÍ DỤ MẪU – XOÁ TRƯỚC KHI DÙNG THẬT

Sheet Nhà cung cấp
A1: DANH MỤC NHÀ CUNG CẤP
A2: Toàn bộ nhập tay. Mã NCC duy nhất – khoá liên kết cho báo giá, PO, thanh toán.
A3: Mã NCC | B3: Tên nhà cung cấp | C3: Người liên hệ | D3: Điện thoại | E3: Email | F3: Địa chỉ | G3: Điều khoản TT (ngày) | H3: Đánh giá NCC | I3: Nhóm hàng cung cấp | J3: Mã số thuế | K3: Ghi chú
A4: NCC001 | B4: Công ty TNHH Thép Việt An | C4: Nguyễn Văn Bình | D4: 0901234567 | E4: binh.nv@vietan.com.vn | F4: 12 Lê Lợi, Q.1, TP.HCM | G4: 30 | H4: A | I4: Thép tấm, thép hình | J4: 0301234567 | K4: VÍ DỤ MẪU – XOÁ TRƯỚC KHI DÙNG THẬT
A5: NCC002 | B5: Công ty CP Vật tư Hoàng Long | C5: Trần Thị Mai | D5: 0912345678 | E5: mai.tt@hoanglong.vn | F5: 45 Nguyễn Trãi, Thanh Xuân, Hà Nội | G5: 45 | H5: B | I5: Thép tấm, vật tư phụ | J5: 0102345678 | K5: VÍ DỤ MẪU – XOÁ TRƯỚC KHI DÙNG THẬT
A6: NCC003 | B6: Công ty TNHH TM Đại Phát | C6: Lê Quốc Huy | D6: 0923456789 | E6: huy.lq@daiphat.vn | F6: 88 Trần Phú, Hải Châu, Đà Nẵng | G6: 15 | H6: B | I6: Thép tấm, inox | J6: 0401234567 | K6: VÍ DỤ MẪU – XOÁ TRƯỚC KHI DÙNG THẬT

Sheet Check giá
A1: QUY TRÌNH 1 – TIẾP NHẬN & XỬ LÝ YÊU CẦU CHECK GIÁ
A2: Nhập Mã dự án → tự kéo tên dự án. Nhập Hạn trả giá và Ngày trả giá thực tế → tự tính số ngày xử lý và đánh giá SLA. Đơn giá/giá trị chốt tự lấy từ báo giá được chọn.
A3: Mã YC | B3: Ngày nhận yêu cầu | C3: Mã dự án | D3: Tên dự án | E3: Người / Bộ phận yêu cầu | F3: Hạng mục cần check giá | G3: ĐVT | H3: Số lượng | I3: Đơn giá dự toán | J3: Giá trị dự toán | K3: Hạn trả giá | L3: Ngày trả giá thực tế | M3: Số ngày xử lý | N3: Trạng thái xử lý | O3: Đánh giá SLA | P3: Số NCC đã báo giá | Q3: Đơn giá chốt | R3: Giá trị chốt | S3: Chênh lệch so dự toán | T3: Tình trạng lập PR | U3: Ghi chú
A4: YC-2026-001 | B4: 46025 | C4: DA-2026-01 | D4: =IF($C4="","",IFERROR(INDEX('Dự án'!$B$4:$B$203,MATCH($C4,'Dự án'!$A$4:$A$203,0)),"")) -> Nhà máy Bao bì Tân Uyên – Giai đoạn 2 | E4: Phòng Dự án – Trần Văn Nam | F4: Thép tấm SS400 dày 10mm (1500x6000) | G4: Tấm | H4: 200 | I4: 1250000 | J4: =IF($A4="","",$H4*$I4) -> 250000000 | K4: 46031 | L4: 46030 | M4: =IF($A4="","",IF($L4="","",$L4-$B4)) -> 5 | N4: Đã trả giá | O4: =IF($A4="","",IF($K4="","",IF($L4="",IF(TODAY()>$K4,"Quá hạn chưa trả","Đang xử lý"),IF($L4<=$K4,"Đúng hạn","Trả trễ")))) -> Đúng hạn | P4: =IF($A4="","",COUNTIFS('Báo giá'!$C$4:$C$203,$A4)) -> 3 | Q4: =IF($A4="","",IF(SUMIFS('Báo giá'!$K$4:$K$203,'Báo giá'!$C$4:$C$203,$A4,'Báo giá'!$T$4:$T$203,"x")=0,"",SUMIFS('Báo giá'!$K$4:$K$203,'Báo giá'!$C$4:$C$203,$A4,'Báo giá'!$T$4:$T$203,"x"))) -> 1180000 | R4: =IF($A4="","",IF(SUMIFS('Báo giá'!$L$4:$L$203,'Báo giá'!$C$4:$C$203,$A4,'Báo giá'!$T$4:$T$203,"x")=0,"",SUMIFS('Báo giá'!$L$4:$L$203,'Báo giá'!$C$4:$C$203,$A4,'Báo giá'!$T$4:$T$203,"x"))) -> 236000000 | S4: =IF($A4="","",IF($R4="","",$R4-$J4)) -> -14000000 | T4: =IF($A4="","",IF(COUNTIFS(PR!$C$4:$C$203,$A4)>0,"Đã lập PR","Chưa lập PR")) -> Đã lập PR | U4: VÍ DỤ MẪU – XOÁ TRƯỚC KHI DÙNG THẬT
A5: YC-2026-002 | B5: 46028 | C5: DA-2026-02 | D5: =IF($C5="","",IFERROR(INDEX('Dự án'!$B$4:$B$203,MATCH($C5,'Dự án'!$A$4:$A$203,0)),"")) -> Kho lạnh Long An | E5: Phòng Đấu thầu – Lê Thu Hằng | F5: Panel cách nhiệt PU 100mm | G5: m2 | H5: 1800 | I5: 620000 | J5: =IF($A5="","",$H5*$I5) -> 1116000000 | K5: 46034 | M5: =IF($A5="","",IF($L5="","",$L5-$B5)) | N5: Đang hỏi giá | O5: =IF($A5="","",IF($K5="","",IF($L5="",IF(TODAY()>$K5,"Quá hạn chưa trả","Đang xử lý"),IF($L5<=$K5,"Đúng hạn","Trả trễ")))) -> Quá hạn chưa trả | P5: =IF($A5="","",COUNTIFS('Báo giá'!$C$4:$C$203,$A5)) -> 0 | Q5: =IF($A5="","",IF(SUMIFS('Báo giá'!$K$4:$K$203,'Báo giá'!$C$4:$C$203,$A5,'Báo giá'!$T$4:$T$203,"x")=0,"",SUMIFS('Báo giá'!$K$4:$K$203,'Báo giá'!$C$4:$C$203,$A5,'Báo giá'!$T$4:$T$203,"x"))) | R5: =IF($A5="","",IF(SUMIFS('Báo giá'!$L$4:$L$203,'Báo giá'!$C$4:$C$203,$A5,'Báo giá'!$T$4:$T$203,"x")=0,"",SUMIFS('Báo giá'!$L$4:$L$203,'Báo giá'!$C$4:$C$203,$A5,'Báo giá'!$T$4:$T$203,"x"))) | S5: =IF($A5="","",IF($R5="","",$R5-$J5)) | T5: =IF($A5="","",IF(COUNTIFS(PR!$C$4:$C$203,$A5)>0,"Đã lập PR","Chưa lập PR")) -> Chưa lập PR | U5: VÍ DỤ MẪU – XOÁ TRƯỚC KHI DÙNG THẬT
D6: =IF($C6="","",IFERROR(INDEX('Dự án'!$B$4:$B$203,MATCH($C6,'Dự án'!$A$4:$A$203,0)),"")) | J6: =IF($A6="","",$H6*$I6) | M6: =IF($A6="","",IF($L6="","",$L6-$B6)) | O6: =IF($A6="","",IF($K6="","",IF($L6="",IF(TODAY()>$K6,"Quá hạn chưa trả","Đang xử lý"),IF($L6<=$K6,"Đúng hạn","Trả trễ")))) | P6: =IF($A6="","",COUNTIFS('Báo giá'!$C$4:$C$203,$A6)) | Q6: =IF($A6="","",IF(SUMIFS('Báo giá'!$K$4:$K$203,'Báo giá'!$C$4:$C$203,$A6,'Báo giá'!$T$4:$T$203,"x")=0,"",SUMIFS('Báo giá'!$K$4:$K$203,'Báo giá'!$C$4:$C$203,$A6,'Báo giá'!$T$4:$T$203,"x"))) | R6: =IF($A6="","",IF(SUMIFS('Báo giá'!$L$4:$L$203,'Báo giá'!$C$4:$C$203,$A6,'Báo giá'!$T$4:$T$203,"x")=0,"",SUMIFS('Báo giá'!$L$4:$L$203,'Báo giá'!$C$4:$C$203,$A6,'Báo giá'!$T$4:$T$203,"x"))) | S6: =IF($A6="","",IF($R6="","",$R6-$J6)) | T6: =IF($A6="","",IF(COUNTIFS(PR!$C$4:$C$203,$A6)>0,"Đã lập PR","Chưa lập PR"))
D7: =IF($C7="","",IFERROR(INDEX('Dự án'!$B$4:$B$203,MATCH($C7,'Dự án'!$A$4:$A$203,0)),"")) | J7: =IF($A7="","",$H7*$I7) | M7: =IF($A7="","",IF($L7="","",$L7-$B7)) | O7: =IF($A7="","",IF($K7="","",IF($L7="",IF(TODAY()>$K7,"Quá hạn chưa trả","Đang xử lý"),IF($L7<=$K7,"Đúng hạn","Trả trễ")))) | P7: =IF($A7="","",COUNTIFS('Báo giá'!$C$4:$C$203,$A7)) | Q7: =IF($A7="","",IF(SUMIFS('Báo giá'!$K$4:$K$203,'Báo giá'!$C$4:$C$203,$A7,'Báo giá'!$T$4:$T$203,"x")=0,"",SUMIFS('Báo giá'!$K$4:$K$203,'Báo giá'!$C$4:$C$203,$A7,'Báo giá'!$T$4:$T$203,"x"))) | R7: =IF($A7="","",IF(SUMIFS('Báo giá'!$L$4:$L$203,'Báo giá'!$C$4:$C$203,$A7,'Báo giá'!$T$4:$T$203,"x")=0,"",SUMIFS('Báo giá'!$L$4:$L$203,'Báo giá'!$C$4:$C$203,$A7,'Báo giá'!$T$4:$T$203,"x"))) | S7: =IF($A7="","",IF($R7="","",$R7-$J7)) | T7: =IF($A7="","",IF(COUNTIFS(PR!$C$4:$C$203,$A7)>0,"Đã lập PR","Chưa lập PR"))
D8: =IF($C8="","",IFERROR(INDEX('Dự án'!$B$4:$B$203,MATCH($C8,'Dự án'!$A$4:$A$203,0)),"")) | J8: =IF($A8="","",$H8*$I8) | M8: =IF($A8="","",IF($L8="","",$L8-$B8)) | O8: =IF($A8="","",IF($K8="","",IF($L8="",IF(TODAY()>$K8,"Quá hạn chưa trả","Đang xử lý"),IF($L8<=$K8,"Đúng hạn","Trả trễ")))) | P8: =IF($A8="","",COUNTIFS('Báo giá'!$C$4:$C$203,$A8)) | Q8: =IF($A8="","",IF(SUMIFS('Báo giá'!$K$4:$K$203,'Báo giá'!$C$4:$C$203,$A8,'Báo giá'!$T$4:$T$203,"x")=0,"",SUMIFS('Báo giá'!$K$4:$K$203,'Báo giá'!$C$4:$C$203,$A8,'Báo giá'!$T$4:$T$203,"x"))) | R8: =IF($A8="","",IF(SUMIFS('Báo giá'!$L$4:$L$203,'Báo giá'!$C$4:$C$203,$A8,'Báo giá'!$T$4:$T$203,"x")=0,"",SUMIFS('Báo giá'!$L$4:$L$203,'Báo giá'!$C$4:$C$203,$A8,'Báo giá'!$T$4:$T$203,"x"))) | S8: =IF($A8="","",IF($R8="","",$R8-$J8)) | T8: =IF($A8="","",IF(COUNTIFS(PR!$C$4:$C$203,$A8)>0,"Đã lập PR","Chưa lập PR"))
D9: =IF($C9="","",IFERROR(INDEX('Dự án'!$B$4:$B$203,MATCH($C9,'Dự án'!$A$4:$A$203,0)),"")) | J9: =IF($A9="","",$H9*$I9) | M9: =IF($A9="","",IF($L9="","",$L9-$B9)) | O9: =IF($A9="","",IF($K9="","",IF($L9="",IF(TODAY()>$K9,"Quá hạn chưa trả","Đang xử lý"),IF($L9<=$K9,"Đúng hạn","Trả trễ")))) | P9: =IF($A9="","",COUNTIFS('Báo giá'!$C$4:$C$203,$A9)) | Q9: =IF($A9="","",IF(SUMIFS('Báo giá'!$K$4:$K$203,'Báo giá'!$C$4:$C$203,$A9,'Báo giá'!$T$4:$T$203,"x")=0,"",SUMIFS('Báo giá'!$K$4:$K$203,'Báo giá'!$C$4:$C$203,$A9,'Báo giá'!$T$4:$T$203,"x"))) | R9: =IF($A9="","",IF(SUMIFS('Báo giá'!$L$4:$L$203,'Báo giá'!$C$4:$C$203,$A9,'Báo giá'!$T$4:$T$203,"x")=0,"",SUMIFS('Báo giá'!$L$4:$L$203,'Báo giá'!$C$4:$C$203,$A9,'Báo giá'!$T$4:$T$203,"x"))) | S9: =IF($A9="","",IF($R9="","",$R9-$J9)) | T9: =IF($A9="","",IF(COUNTIFS(PR!$C$4:$C$203,$A9)>0,"Đã lập PR","Chưa lập PR"))
D10: =IF($C10="","",IFERROR(INDEX('Dự án'!$B$4:$B$203,MATCH($C10,'Dự án'!$A$4:$A$203,0)),"")) | J10: =IF($A10="","",$H10*$I10) | M10: =IF($A10="","",IF($L10="","",$L10-$B10)) | O10: =IF($A10="","",IF($K10="","",IF($L10="",IF(TODAY()>$K10,"Quá hạn chưa trả","Đang xử lý"),IF($L10<=$K10,"Đúng hạn","Trả trễ")))) | P10: =IF($A10="","",COUNTIFS('Báo giá'!$C$4:$C$203,$A10)) | Q10: =IF($A10="","",IF(SUMIFS('Báo giá'!$K$4:$K$203,'Báo giá'!$C$4:$C$203,$A10,'Báo giá'!$T$4:$T$203,"x")=0,"",SUMIFS('Báo giá'!$K$4:$K$203,'Báo giá'!$C$4:$C$203,$A10,'Báo giá'!$T$4:$T$203,"x"))) | R10: =IF($A10="","",IF(SUMIFS('Báo giá'!$L$4:$L$203,'Báo giá'!$C$4:$C$203,$A10,'Báo giá'!$T$4:$T$203,"x")=0,"",SUMIFS('Báo giá'!$L$4:$L$203,'Báo giá'!$C$4:$C$203,$A10,'Báo giá'!$T$4:$T$203,"x"))) | S10: =IF($A10="","",IF($R10="","",$R10-$J10)) | T10: =IF($A10="","",IF(COUNTIFS(PR!$C$4:$C$203,$A10)>0,"Đã lập PR","Chưa lập PR"))
D11: =IF($C11="","",IFERROR(INDEX('Dự án'!$B$4:$B$203,MATCH($C11,'Dự án'!$A$4:$A$203,0)),"")) | J11: =IF($A11="","",$H11*$I11) | M11: =IF($A11="","",IF($L11="","",$L11-$B11)) | O11: =IF($A11="","",IF($K11="","",IF($L11="",IF(TODAY()>$K11,"Quá hạn chưa trả","Đang xử lý"),IF($L11<=$K11,"Đúng hạn","Trả trễ")))) | P11: =IF($A11="","",COUNTIFS('Báo giá'!$C$4:$C$203,$A11)) | Q11: =IF($A11="","",IF(SUMIFS('Báo giá'!$K$4:$K$203,'Báo giá'!$C$4:$C$203,$A11,'Báo giá'!$T$4:$T$203,"x")=0,"",SUMIFS('Báo giá'!$K$4:$K$203,'Báo giá'!$C$4:$C$203,$A11,'Báo giá'!$T$4:$T$203,"x"))) | R11: =IF($A11="","",IF(SUMIFS('Báo giá'!$L$4:$L$203,'Báo giá'!$C$4:$C$203,$A11,'Báo giá'!$T$4:$T$203,"x")=0,"",SUMIFS('Báo giá'!$L$4:$L$203,'Báo giá'!$C$4:$C$203,$A11,'Báo giá'!$T$4:$T$203,"x"))) | S11: =IF($A11="","",IF($R11="","",$R11-$J11)) | T11: =IF($A11="","",IF(COUNTIFS(PR!$C$4:$C$203,$A11)>0,"Đã lập PR","Chưa lập PR"))
D12: =IF($C12="","",IFERROR(INDEX('Dự án'!$B$4:$B$203,MATCH($C12,'Dự án'!$A$4:$A$203,0)),"")) | J12: =IF($A12="","",$H12*$I12) | M12: =IF($A12="","",IF($L12="","",$L12-$B12)) | O12: =IF($A12="","",IF($K12="","",IF($L12="",IF(TODAY()>$K12,"Quá hạn chưa trả","Đang xử lý"),IF($L12<=$K12,"Đúng hạn","Trả trễ")))) | P12: =IF($A12="","",COUNTIFS('Báo giá'!$C$4:$C$203,$A12)) | Q12: =IF($A12="","",IF(SUMIFS('Báo giá'!$K$4:$K$203,'Báo giá'!$C$4:$C$203,$A12,'Báo giá'!$T$4:$T$203,"x")=0,"",SUMIFS('Báo giá'!$K$4:$K$203,'Báo giá'!$C$4:$C$203,$A12,'Báo giá'!$T$4:$T$203,"x"))) | R12: =IF($A12="","",IF(SUMIFS('Báo giá'!$L$4:$L$203,'Báo giá'!$C$4:$C$203,$A12,'Báo giá'!$T$4:$T$203,"x")=0,"",SUMIFS('Báo giá'!$L$4:$L$203,'Báo giá'!$C$4:$C$203,$A12,'Báo giá'!$T$4:$T$203,"x"))) | S12: =IF($A12="","",IF($R12="","",$R12-$J12)) | T12: =IF($A12="","",IF(COUNTIFS(PR!$C$4:$C$203,$A12)>0,"Đã lập PR","Chưa lập PR"))
D13: =IF($C13="","",IFERROR(INDEX('Dự án'!$B$4:$B$203,MATCH($C13,'Dự án'!$A$4:$A$203,0)),"")) | J13: =IF($A13="","",$H13*$I13) | M13: =IF($A13="","",IF($L13="","",$L13-$B13)) | O13: =IF($A13="","",IF($K13="","",IF($L13="",IF(TODAY()>$K13,"Quá hạn chưa trả","Đang xử lý"),IF($L13<=$K13,"Đúng hạn","Trả trễ")))) | P13: =IF($A13="","",COUNTIFS('Báo giá'!$C$4:$C$203,$A13)) | Q13: =IF($A13="","",IF(SUMIFS('Báo giá'!$K$4:$K$203,'Báo giá'!$C$4:$C$203,$A13,'Báo giá'!$T$4:$T$203,"x")=0,"",SUMIFS('Báo giá'!$K$4:$K$203,'Báo giá'!$C$4:$C$203,$A13,'Báo giá'!$T$4:$T$203,"x"))) | R13: =IF($A13="","",IF(SUMIFS('Báo giá'!$L$4:$L$203,'Báo giá'!$C$4:$C$203,$A13,'Báo giá'!$T$4:$T$203,"x")=0,"",SUMIFS('Báo giá'!$L$4:$L$203,'Báo giá'!$C$4:$C$203,$A13,'Báo giá'!$T$4:$T$203,"x"))) | S13: =IF($A13="","",IF($R13="","",$R13-$J13)) | T13: =IF($A13="","",IF(COUNTIFS(PR!$C$4:$C$203,$A13)>0,"Đã lập PR","Chưa lập PR"))
D14: =IF($C14="","",IFERROR(INDEX('Dự án'!$B$4:$B$203,MATCH($C14,'Dự án'!$A$4:$A$203,0)),"")) | J14: =IF($A14="","",$H14*$I14) | M14: =IF($A14="","",IF($L14="","",$L14-$B14)) | O14: =IF($A14="","",IF($K14="","",IF($L14="",IF(TODAY()>$K14,"Quá hạn chưa trả","Đang xử lý"),IF($L14<=$K14,"Đúng hạn","Trả trễ")))) | P14: =IF($A14="","",COUNTIFS('Báo giá'!$C$4:$C$203,$A14)) | Q14: =IF($A14="","",IF(SUMIFS('Báo giá'!$K$4:$K$203,'Báo giá'!$C$4:$C$203,$A14,'Báo giá'!$T$4:$T$203,"x")=0,"",SUMIFS('Báo giá'!$K$4:$K$203,'Báo giá'!$C$4:$C$203,$A14,'Báo giá'!$T$4:$T$203,"x"))) | R14: =IF($A14="","",IF(SUMIFS('Báo giá'!$L$4:$L$203,'Báo giá'!$C$4:$C$203,$A14,'Báo giá'!$T$4:$T$203,"x")=0,"",SUMIFS('Báo giá'!$L$4:$L$203,'Báo giá'!$C$4:$C$203,$A14,'Báo giá'!$T$4:$T$203,"x"))) | S14: =IF($A14="","",IF($R14="","",$R14-$J14)) | T14: =IF($A14="","",IF(COUNTIFS(PR!$C$4:$C$203,$A14)>0,"Đã lập PR","Chưa lập PR"))
D15: =IF($C15="","",IFERROR(INDEX('Dự án'!$B$4:$B$203,MATCH($C15,'Dự án'!$A$4:$A$203,0)),"")) | J15: =IF($A15="","",$H15*$I15) | M15: =IF($A15="","",IF($L15="","",$L15-$B15)) | O15: =IF($A15="","",IF($K15="","",IF($L15="",IF(TODAY()>$K15,"Quá hạn chưa trả","Đang xử lý"),IF($L15<=$K15,"Đúng hạn","Trả trễ")))) | P15: =IF($A15="","",COUNTIFS('Báo giá'!$C$4:$C$203,$A15)) | Q15: =IF($A15="","",IF(SUMIFS('Báo giá'!$K$4:$K$203,'Báo giá'!$C$4:$C$203,$A15,'Báo giá'!$T$4:$T$203,"x")=0,"",SUMIFS('Báo giá'!$K$4:$K$203,'Báo giá'!$C$4:$C$203,$A15,'Báo giá'!$T$4:$T$203,"x"))) | R15: =IF($A15="","",IF(SUMIFS('Báo giá'!$L$4:$L$203,'Báo giá'!$C$4:$C$203,$A15,'Báo giá'!$T$4:$T$203,"x")=0,"",SUMIFS('Báo giá'!$L$4:$L$203,'Báo giá'!$C$4:$C$203,$A15,'Báo giá'!$T$4:$T$203,"x"))) | S15: =IF($A15="","",IF($R15="","",$R15-$J15)) | T15: =IF($A15="","",IF(COUNTIFS(PR!$C$4:$C$203,$A15)>0,"Đã lập PR","Chưa lập PR"))
D16: =IF($C16="","",IFERROR(INDEX('Dự án'!$B$4:$B$203,MATCH($C16,'Dự án'!$A$4:$A$203,0)),"")) | J16: =IF($A16="","",$H16*$I16) | M16: =IF($A16="","",IF($L16="","",$L16-$B16)) | O16: =IF($A16="","",IF($K16="","",IF($L16="",IF(TODAY()>$K16,"Quá hạn chưa trả","Đang xử lý"),IF($L16<=$K16,"Đúng hạn","Trả trễ")))) | P16: =IF($A16="","",COUNTIFS('Báo giá'!$C$4:$C$203,$A16)) | Q16: =IF($A16="","",IF(SUMIFS('Báo giá'!$K$4:$K$203,'Báo giá'!$C$4:$C$203,$A16,'Báo giá'!$T$4:$T$203,"x")=0,"",SUMIFS('Báo giá'!$K$4:$K$203,'Báo giá'!$C$4:$C$203,$A16,'Báo giá'!$T$4:$T$203,"x"))) | R16: =IF($A16="","",IF(SUMIFS('Báo giá'!$L$4:$L$203,'Báo giá'!$C$4:$C$203,$A16,'Báo giá'!$T$4:$T$203,"x")=0,"",SUMIFS('Báo giá'!$L$4:$L$203,'Báo giá'!$C$4:$C$203,$A16,'Báo giá'!$T$4:$T$203,"x"))) | S16: =IF($A16="","",IF($R16="","",$R16-$J16)) | T16: =IF($A16="","",IF(COUNTIFS(PR!$C$4:$C$203,$A16)>0,"Đã lập PR","Chưa lập PR"))
D17: =IF($C17="","",IFERROR(INDEX('Dự án'!$B$4:$B$203,MATCH($C17,'Dự án'!$A$4:$A$203,0)),"")) | J17: =IF($A17="","",$H17*$I17) | M17: =IF($A17="","",IF($L17="","",$L17-$B17)) | O17: =IF($A17="","",IF($K17="","",IF($L17="",IF(TODAY()>$K17,"Quá hạn chưa trả","Đang xử lý"),IF($L17<=$K17,"Đúng hạn","Trả trễ")))) | P17: =IF($A17="","",COUNTIFS('Báo giá'!$C$4:$C$203,$A17)) | Q17: =IF($A17="","",IF(SUMIFS('Báo giá'!$K$4:$K$203,'Báo giá'!$C$4:$C$203,$A17,'Báo giá'!$T$4:$T$203,"x")=0,"",SUMIFS('Báo giá'!$K$4:$K$203,'Báo giá'!$C$4:$C$203,$A17,'Báo giá'!$T$4:$T$203,"x"))) | R17: =IF($A17="","",IF(SUMIFS('Báo giá'!$L$4:$L$203,'Báo giá'!$C$4:$C$203,$A17,'Báo giá'!$T$4:$T$203,"x")=0,"",SUMIFS('Báo giá'!$L$4:$L$203,'Báo giá'!$C$4:$C$203,$A17,'Báo giá'!$T$4:$T$203,"x"))) | S17: =IF($A17="","",IF($R17="","",$R17-$J17)) | T17: =IF($A17="","",IF(COUNTIFS(PR!$C$4:$C$203,$A17)>0,"Đã lập PR","Chưa lập PR"))
... D203: =IF($C203="","",IFERROR(INDEX('Dự án'!$B$4:$B$203,MATCH($C203,'Dự án'!$A$4:$A$203,0)),"")) | J203: =IF($A203="","",$H203*$I203) | M203: =IF($A203="","",IF($L203="","",$L203-$B203)) | O203: =IF($A203="","",IF($K203="","",IF($L203="",IF(TODAY()>$K203,"Quá hạn chưa trả","Đang xử lý"),IF($L203<=$K203,"Đúng hạn","Trả trễ")))) | P203: =IF($A203="","",COUNTIFS('Báo giá'!$C$4:$C$203,$A203)) | Q203: =IF($A203="","",IF(SUMIFS('Báo giá'!$K$4:$K$203,'Báo giá'!$C$4:$C$203,$A203,'Báo giá'!$T$4:$T$203,"x")=0,"",SUMIFS('Báo giá'!$K$4:$K$203,'Báo giá'!$C$4:$C$203,$A203,'Báo giá'!$T$4:$T$203,"x"))) | R203: =IF($A203="","",IF(SUMIFS('Báo giá'!$L$4:$L$203,'Báo giá'!$C$4:$C$203,$A203,'Báo giá'!$T$4:$T$203,"x")=0,"",SUMIFS('Báo giá'!$L$4:$L$203,'Báo giá'!$C$4:$C$203,$A203,'Báo giá'!$T$4:$T$203,"x"))) | S203: =IF($A203="","",IF($R203="","",$R203-$J203)) | T203: =IF($A203="","",IF(COUNTIFS(PR!$C$4:$C$203,$A203)>0,"Đã lập PR","Chưa lập PR"))

Sheet Báo giá
A1: QUY TRÌNH 1 – SO SÁNH BÁO GIÁ NHÀ CUNG CẤP
A2: Mỗi dòng = 1 báo giá của 1 NCC cho 1 Mã YC. Nhập Mã YC + Mã NCC → tự kéo dự án, hạng mục, số lượng, dự toán, tên NCC, điều khoản TT.
A3: Mã báo giá | B3: Ngày báo giá | C3: Mã YC | D3: Mã dự án | E3: Tên dự án | F3: Hạng mục (từ YC) | G3: Số lượng (từ YC) | H3: Giá trị dự toán (từ YC) | I3: Mã NCC | J3: Tên NCC | K3: Đơn giá báo giá | L3: Thành tiền | M3: Thời gian giao (ngày) | N3: Điều khoản TT (ngày) | O3: Hiệu lực báo giá | P3: Giá thấp nhất của YC | Q3: Chênh lệch so giá thấp nhất | R3: Chênh lệch so dự toán | S3: % chênh so dự toán | T3: NCC được chọn (x) | U3: Mã PR phát sinh | V3: Ghi chú
A4: BG-2026-001 | B4: 46030 | C4: YC-2026-001 | D4: =IF($C4="","",IFERROR(INDEX('Check giá'!$C$4:$C$203,MATCH($C4,'Check giá'!$A$4:$A$203,0)),"")) -> DA-2026-01 | E4: =IF($C4="","",IFERROR(INDEX('Check giá'!$D$4:$D$203,MATCH($C4,'Check giá'!$A$4:$A$203,0)),"")) -> Nhà máy Bao bì Tân Uyên – Giai đoạn 2 | F4: =IF($C4="","",IFERROR(INDEX('Check giá'!$F$4:$F$203,MATCH($C4,'Check giá'!$A$4:$A$203,0)),"")) -> Thép tấm SS400 dày 10mm (1500x6000) | G4: =IF($C4="","",IFERROR(INDEX('Check giá'!$H$4:$H$203,MATCH($C4,'Check giá'!$A$4:$A$203,0)),"")) -> 200 | H4: =IF($C4="","",IFERROR(INDEX('Check giá'!$J$4:$J$203,MATCH($C4,'Check giá'!$A$4:$A$203,0)),"")) -> 250000000 | I4: NCC001 | J4: =IF($I4="","",IFERROR(INDEX('Nhà cung cấp'!$B$4:$B$203,MATCH($I4,'Nhà cung cấp'!$A$4:$A$203,0)),"")) -> Công ty TNHH Thép Việt An | K4: 1180000 | L4: =IF($A4="","",IFERROR($G4*$K4,"")) -> 236000000 | M4: 20 | N4: =IF($I4="","",IFERROR(INDEX('Nhà cung cấp'!$G$4:$G$203,MATCH($I4,'Nhà cung cấp'!$A$4:$A$203,0)),"")) -> 30 | O4: 46061 | P4: =IF($C4="","",IFERROR(_xlfn.MINIFS($L$4:$L$203,$C$4:$C$203,$C4,$L$4:$L$203,">0"),"")) -> 236000000 | Q4: =IF($A4="","",IFERROR($L4-$P4,"")) -> 0 | R4: =IF($A4="","",IFERROR($L4-$H4,"")) -> -14000000 | S4: =IF($A4="","",IFERROR($R4/$H4,"")) -> -0.056 | T4: x | U4: =IF($C4="","",IFERROR(INDEX(PR!$A$4:$A$203,MATCH($C4,PR!$C$4:$C$203,0)),"")) -> PR-2026-001 | V4: VÍ DỤ MẪU – XOÁ TRƯỚC KHI DÙNG THẬT
A5: BG-2026-002 | B5: 46030 | C5: YC-2026-001 | D5: =IF($C5="","",IFERROR(INDEX('Check giá'!$C$4:$C$203,MATCH($C5,'Check giá'!$A$4:$A$203,0)),"")) -> DA-2026-01 | E5: =IF($C5="","",IFERROR(INDEX('Check giá'!$D$4:$D$203,MATCH($C5,'Check giá'!$A$4:$A$203,0)),"")) -> Nhà máy Bao bì Tân Uyên – Giai đoạn 2 | F5: =IF($C5="","",IFERROR(INDEX('Check giá'!$F$4:$F$203,MATCH($C5,'Check giá'!$A$4:$A$203,0)),"")) -> Thép tấm SS400 dày 10mm (1500x6000) | G5: =IF($C5="","",IFERROR(INDEX('Check giá'!$H$4:$H$203,MATCH($C5,'Check giá'!$A$4:$A$203,0)),"")) -> 200 | H5: =IF($C5="","",IFERROR(INDEX('Check giá'!$J$4:$J$203,MATCH($C5,'Check giá'!$A$4:$A$203,0)),"")) -> 250000000 | I5: NCC002 | J5: =IF($I5="","",IFERROR(INDEX('Nhà cung cấp'!$B$4:$B$203,MATCH($I5,'Nhà cung cấp'!$A$4:$A$203,0)),"")) -> Công ty CP Vật tư Hoàng Long | K5: 1205000 | L5: =IF($A5="","",IFERROR($G5*$K5,"")) -> 241000000 | M5: 15 | N5: =IF($I5="","",IFERROR(INDEX('Nhà cung cấp'!$G$4:$G$203,MATCH($I5,'Nhà cung cấp'!$A$4:$A$203,0)),"")) -> 45 | O5: 46061 | P5: =IF($C5="","",IFERROR(_xlfn.MINIFS($L$4:$L$203,$C$4:$C$203,$C5,$L$4:$L$203,">0"),"")) -> 236000000 | Q5: =IF($A5="","",IFERROR($L5-$P5,"")) -> 5000000 | R5: =IF($A5="","",IFERROR($L5-$H5,"")) -> -9000000 | S5: =IF($A5="","",IFERROR($R5/$H5,"")) -> -0.036 | U5: =IF($C5="","",IFERROR(INDEX(PR!$A$4:$A$203,MATCH($C5,PR!$C$4:$C$203,0)),"")) -> PR-2026-001 | V5: VÍ DỤ MẪU – XOÁ TRƯỚC KHI DÙNG THẬT
A6: BG-2026-003 | B6: 46031 | C6: YC-2026-001 | D6: =IF($C6="","",IFERROR(INDEX('Check giá'!$C$4:$C$203,MATCH($C6,'Check giá'!$A$4:$A$203,0)),"")) -> DA-2026-01 | E6: =IF($C6="","",IFERROR(INDEX('Check giá'!$D$4:$D$203,MATCH($C6,'Check giá'!$A$4:$A$203,0)),"")) -> Nhà máy Bao bì Tân Uyên – Giai đoạn 2 | F6: =IF($C6="","",IFERROR(INDEX('Check giá'!$F$4:$F$203,MATCH($C6,'Check giá'!$A$4:$A$203,0)),"")) -> Thép tấm SS400 dày 10mm (1500x6000) | G6: =IF($C6="","",IFERROR(INDEX('Check giá'!$H$4:$H$203,MATCH($C6,'Check giá'!$A$4:$A$203,0)),"")) -> 200 | H6: =IF($C6="","",IFERROR(INDEX('Check giá'!$J$4:$J$203,MATCH($C6,'Check giá'!$A$4:$A$203,0)),"")) -> 250000000 | I6: NCC003 | J6: =IF($I6="","",IFERROR(INDEX('Nhà cung cấp'!$B$4:$B$203,MATCH($I6,'Nhà cung cấp'!$A$4:$A$203,0)),"")) -> Công ty TNHH TM Đại Phát | K6: 1320000 | L6: =IF($A6="","",IFERROR($G6*$K6,"")) -> 264000000 | M6: 10 | N6: =IF($I6="","",IFERROR(INDEX('Nhà cung cấp'!$G$4:$G$203,MATCH($I6,'Nhà cung cấp'!$A$4:$A$203,0)),"")) -> 15 | O6: 46061 | P6: =IF($C6="","",IFERROR(_xlfn.MINIFS($L$4:$L$203,$C$4:$C$203,$C6,$L$4:$L$203,">0"),"")) -> 236000000 | Q6: =IF($A6="","",IFERROR($L6-$P6,"")) -> 28000000 | R6: =IF($A6="","",IFERROR($L6-$H6,"")) -> 14000000 | S6: =IF($A6="","",IFERROR($R6/$H6,"")) -> 0.056 | U6: =IF($C6="","",IFERROR(INDEX(PR!$A$4:$A$203,MATCH($C6,PR!$C$4:$C$203,0)),"")) -> PR-2026-001 | V6: VÍ DỤ MẪU – XOÁ TRƯỚC KHI DÙNG THẬT
D7: =IF($C7="","",IFERROR(INDEX('Check giá'!$C$4:$C$203,MATCH($C7,'Check giá'!$A$4:$A$203,0)),"")) | E7: =IF($C7="","",IFERROR(INDEX('Check giá'!$D$4:$D$203,MATCH($C7,'Check giá'!$A$4:$A$203,0)),"")) | F7: =IF($C7="","",IFERROR(INDEX('Check giá'!$F$4:$F$203,MATCH($C7,'Check giá'!$A$4:$A$203,0)),"")) | G7: =IF($C7="","",IFERROR(INDEX('Check giá'!$H$4:$H$203,MATCH($C7,'Check giá'!$A$4:$A$203,0)),"")) | H7: =IF($C7="","",IFERROR(INDEX('Check giá'!$J$4:$J$203,MATCH($C7,'Check giá'!$A$4:$A$203,0)),"")) | J7: =IF($I7="","",IFERROR(INDEX('Nhà cung cấp'!$B$4:$B$203,MATCH($I7,'Nhà cung cấp'!$A$4:$A$203,0)),"")) | L7: =IF($A7="","",IFERROR($G7*$K7,"")) | N7: =IF($I7="","",IFERROR(INDEX('Nhà cung cấp'!$G$4:$G$203,MATCH($I7,'Nhà cung cấp'!$A$4:$A$203,0)),"")) | P7: =IF($C7="","",IFERROR(_xlfn.MINIFS($L$4:$L$203,$C$4:$C$203,$C7,$L$4:$L$203,">0"),"")) | Q7: =IF($A7="","",IFERROR($L7-$P7,"")) | R7: =IF($A7="","",IFERROR($L7-$H7,"")) | S7: =IF($A7="","",IFERROR($R7/$H7,"")) | U7: =IF($C7="","",IFERROR(INDEX(PR!$A$4:$A$203,MATCH($C7,PR!$C$4:$C$203,0)),""))
D8: =IF($C8="","",IFERROR(INDEX('Check giá'!$C$4:$C$203,MATCH($C8,'Check giá'!$A$4:$A$203,0)),"")) | E8: =IF($C8="","",IFERROR(INDEX('Check giá'!$D$4:$D$203,MATCH($C8,'Check giá'!$A$4:$A$203,0)),"")) | F8: =IF($C8="","",IFERROR(INDEX('Check giá'!$F$4:$F$203,MATCH($C8,'Check giá'!$A$4:$A$203,0)),"")) | G8: =IF($C8="","",IFERROR(INDEX('Check giá'!$H$4:$H$203,MATCH($C8,'Check giá'!$A$4:$A$203,0)),"")) | H8: =IF($C8="","",IFERROR(INDEX('Check giá'!$J$4:$J$203,MATCH($C8,'Check giá'!$A$4:$A$203,0)),"")) | J8: =IF($I8="","",IFERROR(INDEX('Nhà cung cấp'!$B$4:$B$203,MATCH($I8,'Nhà cung cấp'!$A$4:$A$203,0)),"")) | L8: =IF($A8="","",IFERROR($G8*$K8,"")) | N8: =IF($I8="","",IFERROR(INDEX('Nhà cung cấp'!$G$4:$G$203,MATCH($I8,'Nhà cung cấp'!$A$4:$A$203,0)),"")) | P8: =IF($C8="","",IFERROR(_xlfn.MINIFS($L$4:$L$203,$C$4:$C$203,$C8,$L$4:$L$203,">0"),"")) | Q8: =IF($A8="","",IFERROR($L8-$P8,"")) | R8: =IF($A8="","",IFERROR($L8-$H8,"")) | S8: =IF($A8="","",IFERROR($R8/$H8,"")) | U8: =IF($C8="","",IFERROR(INDEX(PR!$A$4:$A$203,MATCH($C8,PR!$C$4:$C$203,0)),""))
D9: =IF($C9="","",IFERROR(INDEX('Check giá'!$C$4:$C$203,MATCH($C9,'Check giá'!$A$4:$A$203,0)),"")) | E9: =IF($C9="","",IFERROR(INDEX('Check giá'!$D$4:$D$203,MATCH($C9,'Check giá'!$A$4:$A$203,0)),"")) | F9: =IF($C9="","",IFERROR(INDEX('Check giá'!$F$4:$F$203,MATCH($C9,'Check giá'!$A$4:$A$203,0)),"")) | G9: =IF($C9="","",IFERROR(INDEX('Check giá'!$H$4:$H$203,MATCH($C9,'Check giá'!$A$4:$A$203,0)),"")) | H9: =IF($C9="","",IFERROR(INDEX('Check giá'!$J$4:$J$203,MATCH($C9,'Check giá'!$A$4:$A$203,0)),"")) | J9: =IF($I9="","",IFERROR(INDEX('Nhà cung cấp'!$B$4:$B$203,MATCH($I9,'Nhà cung cấp'!$A$4:$A$203,0)),"")) | L9: =IF($A9="","",IFERROR($G9*$K9,"")) | N9: =IF($I9="","",IFERROR(INDEX('Nhà cung cấp'!$G$4:$G$203,MATCH($I9,'Nhà cung cấp'!$A$4:$A$203,0)),"")) | P9: =IF($C9="","",IFERROR(_xlfn.MINIFS($L$4:$L$203,$C$4:$C$203,$C9,$L$4:$L$203,">0"),"")) | Q9: =IF($A9="","",IFERROR($L9-$P9,"")) | R9: =IF($A9="","",IFERROR($L9-$H9,"")) | S9: =IF($A9="","",IFERROR($R9/$H9,"")) | U9: =IF($C9="","",IFERROR(INDEX(PR!$A$4:$A$203,MATCH($C9,PR!$C$4:$C$203,0)),""))
D10: =IF($C10="","",IFERROR(INDEX('Check giá'!$C$4:$C$203,MATCH($C10,'Check giá'!$A$4:$A$203,0)),"")) | E10: =IF($C10="","",IFERROR(INDEX('Check giá'!$D$4:$D$203,MATCH($C10,'Check giá'!$A$4:$A$203,0)),"")) | F10: =IF($C10="","",IFERROR(INDEX('Check giá'!$F$4:$F$203,MATCH($C10,'Check giá'!$A$4:$A$203,0)),"")) | G10: =IF($C10="","",IFERROR(INDEX('Check giá'!$H$4:$H$203,MATCH($C10,'Check giá'!$A$4:$A$203,0)),"")) | H10: =IF($C10="","",IFERROR(INDEX('Check giá'!$J$4:$J$203,MATCH($C10,'Check giá'!$A$4:$A$203,0)),"")) | J10: =IF($I10="","",IFERROR(INDEX('Nhà cung cấp'!$B$4:$B$203,MATCH($I10,'Nhà cung cấp'!$A$4:$A$203,0)),"")) | L10: =IF($A10="","",IFERROR($G10*$K10,"")) | N10: =IF($I10="","",IFERROR(INDEX('Nhà cung cấp'!$G$4:$G$203,MATCH($I10,'Nhà cung cấp'!$A$4:$A$203,0)),"")) | P10: =IF($C10="","",IFERROR(_xlfn.MINIFS($L$4:$L$203,$C$4:$C$203,$C10,$L$4:$L$203,">0"),"")) | Q10: =IF($A10="","",IFERROR($L10-$P10,"")) | R10: =IF($A10="","",IFERROR($L10-$H10,"")) | S10: =IF($A10="","",IFERROR($R10/$H10,"")) | U10: =IF($C10="","",IFERROR(INDEX(PR!$A$4:$A$203,MATCH($C10,PR!$C$4:$C$203,0)),""))
D11: =IF($C11="","",IFERROR(INDEX('Check giá'!$C$4:$C$203,MATCH($C11,'Check giá'!$A$4:$A$203,0)),"")) | E11: =IF($C11="","",IFERROR(INDEX('Check giá'!$D$4:$D$203,MATCH($C11,'Check giá'!$A$4:$A$203,0)),"")) | F11: =IF($C11="","",IFERROR(INDEX('Check giá'!$F$4:$F$203,MATCH($C11,'Check giá'!$A$4:$A$203,0)),"")) | G11: =IF($C11="","",IFERROR(INDEX('Check giá'!$H$4:$H$203,MATCH($C11,'Check giá'!$A$4:$A$203,0)),"")) | H11: =IF($C11="","",IFERROR(INDEX('Check giá'!$J$4:$J$203,MATCH($C11,'Check giá'!$A$4:$A$203,0)),"")) | J11: =IF($I11="","",IFERROR(INDEX('Nhà cung cấp'!$B$4:$B$203,MATCH($I11,'Nhà cung cấp'!$A$4:$A$203,0)),"")) | L11: =IF($A11="","",IFERROR($G11*$K11,"")) | N11: =IF($I11="","",IFERROR(INDEX('Nhà cung cấp'!$G$4:$G$203,MATCH($I11,'Nhà cung cấp'!$A$4:$A$203,0)),"")) | P11: =IF($C11="","",IFERROR(_xlfn.MINIFS($L$4:$L$203,$C$4:$C$203,$C11,$L$4:$L$203,">0"),"")) | Q11: =IF($A11="","",IFERROR($L11-$P11,"")) | R11: =IF($A11="","",IFERROR($L11-$H11,"")) | S11: =IF($A11="","",IFERROR($R11/$H11,"")) | U11: =IF($C11="","",IFERROR(INDEX(PR!$A$4:$A$203,MATCH($C11,PR!$C$4:$C$203,0)),""))
D12: =IF($C12="","",IFERROR(INDEX('Check giá'!$C$4:$C$203,MATCH($C12,'Check giá'!$A$4:$A$203,0)),"")) | E12: =IF($C12="","",IFERROR(INDEX('Check giá'!$D$4:$D$203,MATCH($C12,'Check giá'!$A$4:$A$203,0)),"")) | F12: =IF($C12="","",IFERROR(INDEX('Check giá'!$F$4:$F$203,MATCH($C12,'Check giá'!$A$4:$A$203,0)),"")) | G12: =IF($C12="","",IFERROR(INDEX('Check giá'!$H$4:$H$203,MATCH($C12,'Check giá'!$A$4:$A$203,0)),"")) | H12: =IF($C12="","",IFERROR(INDEX('Check giá'!$J$4:$J$203,MATCH($C12,'Check giá'!$A$4:$A$203,0)),"")) | J12: =IF($I12="","",IFERROR(INDEX('Nhà cung cấp'!$B$4:$B$203,MATCH($I12,'Nhà cung cấp'!$A$4:$A$203,0)),"")) | L12: =IF($A12="","",IFERROR($G12*$K12,"")) | N12: =IF($I12="","",IFERROR(INDEX('Nhà cung cấp'!$G$4:$G$203,MATCH($I12,'Nhà cung cấp'!$A$4:$A$203,0)),"")) | P12: =IF($C12="","",IFERROR(_xlfn.MINIFS($L$4:$L$203,$C$4:$C$203,$C12,$L$4:$L$203,">0"),"")) | Q12: =IF($A12="","",IFERROR($L12-$P12,"")) | R12: =IF($A12="","",IFERROR($L12-$H12,"")) | S12: =IF($A12="","",IFERROR($R12/$H12,"")) | U12: =IF($C12="","",IFERROR(INDEX(PR!$A$4:$A$203,MATCH($C12,PR!$C$4:$C$203,0)),""))
D13: =IF($C13="","",IFERROR(INDEX('Check giá'!$C$4:$C$203,MATCH($C13,'Check giá'!$A$4:$A$203,0)),"")) | E13: =IF($C13="","",IFERROR(INDEX('Check giá'!$D$4:$D$203,MATCH($C13,'Check giá'!$A$4:$A$203,0)),"")) | F13: =IF($C13="","",IFERROR(INDEX('Check giá'!$F$4:$F$203,MATCH($C13,'Check giá'!$A$4:$A$203,0)),"")) | G13: =IF($C13="","",IFERROR(INDEX('Check giá'!$H$4:$H$203,MATCH($C13,'Check giá'!$A$4:$A$203,0)),"")) | H13: =IF($C13="","",IFERROR(INDEX('Check giá'!$J$4:$J$203,MATCH($C13,'Check giá'!$A$4:$A$203,0)),"")) | J13: =IF($I13="","",IFERROR(INDEX('Nhà cung cấp'!$B$4:$B$203,MATCH($I13,'Nhà cung cấp'!$A$4:$A$203,0)),"")) | L13: =IF($A13="","",IFERROR($G13*$K13,"")) | N13: =IF($I13="","",IFERROR(INDEX('Nhà cung cấp'!$G$4:$G$203,MATCH($I13,'Nhà cung cấp'!$A$4:$A$203,0)),"")) | P13: =IF($C13="","",IFERROR(_xlfn.MINIFS($L$4:$L$203,$C$4:$C$203,$C13,$L$4:$L$203,">0"),"")) | Q13: =IF($A13="","",IFERROR($L13-$P13,"")) | R13: =IF($A13="","",IFERROR($L13-$H13,"")) | S13: =IF($A13="","",IFERROR($R13/$H13,"")) | U13: =IF($C13="","",IFERROR(INDEX(PR!$A$4:$A$203,MATCH($C13,PR!$C$4:$C$203,0)),""))
D14: =IF($C14="","",IFERROR(INDEX('Check giá'!$C$4:$C$203,MATCH($C14,'Check giá'!$A$4:$A$203,0)),"")) | E14: =IF($C14="","",IFERROR(INDEX('Check giá'!$D$4:$D$203,MATCH($C14,'Check giá'!$A$4:$A$203,0)),"")) | F14: =IF($C14="","",IFERROR(INDEX('Check giá'!$F$4:$F$203,MATCH($C14,'Check giá'!$A$4:$A$203,0)),"")) | G14: =IF($C14="","",IFERROR(INDEX('Check giá'!$H$4:$H$203,MATCH($C14,'Check giá'!$A$4:$A$203,0)),"")) | H14: =IF($C14="","",IFERROR(INDEX('Check giá'!$J$4:$J$203,MATCH($C14,'Check giá'!$A$4:$A$203,0)),"")) | J14: =IF($I14="","",IFERROR(INDEX('Nhà cung cấp'!$B$4:$B$203,MATCH($I14,'Nhà cung cấp'!$A$4:$A$203,0)),"")) | L14: =IF($A14="","",IFERROR($G14*$K14,"")) | N14: =IF($I14="","",IFERROR(INDEX('Nhà cung cấp'!$G$4:$G$203,MATCH($I14,'Nhà cung cấp'!$A$4:$A$203,0)),"")) | P14: =IF($C14="","",IFERROR(_xlfn.MINIFS($L$4:$L$203,$C$4:$C$203,$C14,$L$4:$L$203,">0"),"")) | Q14: =IF($A14="","",IFERROR($L14-$P14,"")) | R14: =IF($A14="","",IFERROR($L14-$H14,"")) | S14: =IF($A14="","",IFERROR($R14/$H14,"")) | U14: =IF($C14="","",IFERROR(INDEX(PR!$A$4:$A$203,MATCH($C14,PR!$C$4:$C$203,0)),""))
D15: =IF($C15="","",IFERROR(INDEX('Check giá'!$C$4:$C$203,MATCH($C15,'Check giá'!$A$4:$A$203,0)),"")) | E15: =IF($C15="","",IFERROR(INDEX('Check giá'!$D$4:$D$203,MATCH($C15,'Check giá'!$A$4:$A$203,0)),"")) | F15: =IF($C15="","",IFERROR(INDEX('Check giá'!$F$4:$F$203,MATCH($C15,'Check giá'!$A$4:$A$203,0)),"")) | G15: =IF($C15="","",IFERROR(INDEX('Check giá'!$H$4:$H$203,MATCH($C15,'Check giá'!$A$4:$A$203,0)),"")) | H15: =IF($C15="","",IFERROR(INDEX('Check giá'!$J$4:$J$203,MATCH($C15,'Check giá'!$A$4:$A$203,0)),"")) | J15: =IF($I15="","",IFERROR(INDEX('Nhà cung cấp'!$B$4:$B$203,MATCH($I15,'Nhà cung cấp'!$A$4:$A$203,0)),"")) | L15: =IF($A15="","",IFERROR($G15*$K15,"")) | N15: =IF($I15="","",IFERROR(INDEX('Nhà cung cấp'!$G$4:$G$203,MATCH($I15,'Nhà cung cấp'!$A$4:$A$203,0)),"")) | P15: =IF($C15="","",IFERROR(_xlfn.MINIFS($L$4:$L$203,$C$4:$C$203,$C15,$L$4:$L$203,">0"),"")) | Q15: =IF($A15="","",IFERROR($L15-$P15,"")) | R15: =IF($A15="","",IFERROR($L15-$H15,"")) | S15: =IF($A15="","",IFERROR($R15/$H15,"")) | U15: =IF($C15="","",IFERROR(INDEX(PR!$A$4:$A$203,MATCH($C15,PR!$C$4:$C$203,0)),""))
D16: =IF($C16="","",IFERROR(INDEX('Check giá'!$C$4:$C$203,MATCH($C16,'Check giá'!$A$4:$A$203,0)),"")) | E16: =IF($C16="","",IFERROR(INDEX('Check giá'!$D$4:$D$203,MATCH($C16,'Check giá'!$A$4:$A$203,0)),"")) | F16: =IF($C16="","",IFERROR(INDEX('Check giá'!$F$4:$F$203,MATCH($C16,'Check giá'!$A$4:$A$203,0)),"")) | G16: =IF($C16="","",IFERROR(INDEX('Check giá'!$H$4:$H$203,MATCH($C16,'Check giá'!$A$4:$A$203,0)),"")) | H16: =IF($C16="","",IFERROR(INDEX('Check giá'!$J$4:$J$203,MATCH($C16,'Check giá'!$A$4:$A$203,0)),"")) | J16: =IF($I16="","",IFERROR(INDEX('Nhà cung cấp'!$B$4:$B$203,MATCH($I16,'Nhà cung cấp'!$A$4:$A$203,0)),"")) | L16: =IF($A16="","",IFERROR($G16*$K16,"")) | N16: =IF($I16="","",IFERROR(INDEX('Nhà cung cấp'!$G$4:$G$203,MATCH($I16,'Nhà cung cấp'!$A$4:$A$203,0)),"")) | P16: =IF($C16="","",IFERROR(_xlfn.MINIFS($L$4:$L$203,$C$4:$C$203,$C16,$L$4:$L$203,">0"),"")) | Q16: =IF($A16="","",IFERROR($L16-$P16,"")) | R16: =IF($A16="","",IFERROR($L16-$H16,"")) | S16: =IF($A16="","",IFERROR($R16/$H16,"")) | U16: =IF($C16="","",IFERROR(INDEX(PR!$A$4:$A$203,MATCH($C16,PR!$C$4:$C$203,0)),""))
D17: =IF($C17="","",IFERROR(INDEX('Check giá'!$C$4:$C$203,MATCH($C17,'Check giá'!$A$4:$A$203,0)),"")) | E17: =IF($C17="","",IFERROR(INDEX('Check giá'!$D$4:$D$203,MATCH($C17,'Check giá'!$A$4:$A$203,0)),"")) | F17: =IF($C17="","",IFERROR(INDEX('Check giá'!$F$4:$F$203,MATCH($C17,'Check giá'!$A$4:$A$203,0)),"")) | G17: =IF($C17="","",IFERROR(INDEX('Check giá'!$H$4:$H$203,MATCH($C17,'Check giá'!$A$4:$A$203,0)),"")) | H17: =IF($C17="","",IFERROR(INDEX('Check giá'!$J$4:$J$203,MATCH($C17,'Check giá'!$A$4:$A$203,0)),"")) | J17: =IF($I17="","",IFERROR(INDEX('Nhà cung cấp'!$B$4:$B$203,MATCH($I17,'Nhà cung cấp'!$A$4:$A$203,0)),"")) | L17: =IF($A17="","",IFERROR($G17*$K17,"")) | N17: =IF($I17="","",IFERROR(INDEX('Nhà cung cấp'!$G$4:$G$203,MATCH($I17,'Nhà cung cấp'!$A$4:$A$203,0)),"")) | P17: =IF($C17="","",IFERROR(_xlfn.MINIFS($L$4:$L$203,$C$4:$C$203,$C17,$L$4:$L$203,">0"),"")) | Q17: =IF($A17="","",IFERROR($L17-$P17,"")) | R17: =IF($A17="","",IFERROR($L17-$H17,"")) | S17: =IF($A17="","",IFERROR($R17/$H17,"")) | U17: =IF($C17="","",IFERROR(INDEX(PR!$A$4:$A$203,MATCH($C17,PR!$C$4:$C$203,0)),""))
D18: =IF($C18="","",IFERROR(INDEX('Check giá'!$C$4:$C$203,MATCH($C18,'Check giá'!$A$4:$A$203,0)),"")) | E18: =IF($C18="","",IFERROR(INDEX('Check giá'!$D$4:$D$203,MATCH($C18,'Check giá'!$A$4:$A$203,0)),"")) | F18: =IF($C18="","",IFERROR(INDEX('Check giá'!$F$4:$F$203,MATCH($C18,'Check giá'!$A$4:$A$203,0)),"")) | G18: =IF($C18="","",IFERROR(INDEX('Check giá'!$H$4:$H$203,MATCH($C18,'Check giá'!$A$4:$A$203,0)),"")) | H18: =IF($C18="","",IFERROR(INDEX('Check giá'!$J$4:$J$203,MATCH($C18,'Check giá'!$A$4:$A$203,0)),"")) | J18: =IF($I18="","",IFERROR(INDEX('Nhà cung cấp'!$B$4:$B$203,MATCH($I18,'Nhà cung cấp'!$A$4:$A$203,0)),"")) | L18: =IF($A18="","",IFERROR($G18*$K18,"")) | N18: =IF($I18="","",IFERROR(INDEX('Nhà cung cấp'!$G$4:$G$203,MATCH($I18,'Nhà cung cấp'!$A$4:$A$203,0)),"")) | P18: =IF($C18="","",IFERROR(_xlfn.MINIFS($L$4:$L$203,$C$4:$C$203,$C18,$L$4:$L$203,">0"),"")) | Q18: =IF($A18="","",IFERROR($L18-$P18,"")) | R18: =IF($A18="","",IFERROR($L18-$H18,"")) | S18: =IF($A18="","",IFERROR($R18/$H18,"")) | U18: =IF($C18="","",IFERROR(INDEX(PR!$A$4:$A$203,MATCH($C18,PR!$C$4:$C$203,0)),""))
... D203: =IF($C203="","",IFERROR(INDEX('Check giá'!$C$4:$C$203,MATCH($C203,'Check giá'!$A$4:$A$203,0)),"")) | E203: =IF($C203="","",IFERROR(INDEX('Check giá'!$D$4:$D$203,MATCH($C203,'Check giá'!$A$4:$A$203,0)),"")) | F203: =IF($C203="","",IFERROR(INDEX('Check giá'!$F$4:$F$203,MATCH($C203,'Check giá'!$A$4:$A$203,0)),"")) | G203: =IF($C203="","",IFERROR(INDEX('Check giá'!$H$4:$H$203,MATCH($C203,'Check giá'!$A$4:$A$203,0)),"")) | H203: =IF($C203="","",IFERROR(INDEX('Check giá'!$J$4:$J$203,MATCH($C203,'Check giá'!$A$4:$A$203,0)),"")) | J203: =IF($I203="","",IFERROR(INDEX('Nhà cung cấp'!$B$4:$B$203,MATCH($I203,'Nhà cung cấp'!$A$4:$A$203,0)),"")) | L203: =IF($A203="","",IFERROR($G203*$K203,"")) | N203: =IF($I203="","",IFERROR(INDEX('Nhà cung cấp'!$G$4:$G$203,MATCH($I203,'Nhà cung cấp'!$A$4:$A$203,0)),"")) | P203: =IF($C203="","",IFERROR(_xlfn.MINIFS($L$4:$L$203,$C$4:$C$203,$C203,$L$4:$L$203,">0"),"")) | Q203: =IF($A203="","",IFERROR($L203-$P203,"")) | R203: =IF($A203="","",IFERROR($L203-$H203,"")) | S203: =IF($A203="","",IFERROR($R203/$H203,"")) | U203: =IF($C203="","",IFERROR(INDEX(PR!$A$4:$A$203,MATCH($C203,PR!$C$4:$C$203,0)),""))

Sheet PR
A1: QUY TRÌNH 2 – ĐỀ NGHỊ MUA HÀNG (PR)
A2: Nhập Mã YC → tự kéo dự án, bộ phận, hạng mục, ĐVT và đơn giá chốt từ bước check giá.
A3: Mã PR | B3: Ngày đề nghị | C3: Mã YC | D3: Mã dự án | E3: Tên dự án | F3: Bộ phận yêu cầu | G3: Hạng mục / Mô tả | H3: ĐVT | I3: Đơn giá chốt từ check giá | J3: Số lượng | K3: Đơn giá dự toán | L3: Giá trị dự toán | M3: Ngày cần hàng | N3: Trạng thái duyệt | O3: Người duyệt | P3: Ngày duyệt | Q3: Ghi chú
A4: PR-2026-001 | B4: 46034 | C4: YC-2026-001 | D4: =IF($C4="","",IFERROR(INDEX('Check giá'!$C$4:$C$203,MATCH($C4,'Check giá'!$A$4:$A$203,0)),"")) -> DA-2026-01 | E4: =IF($C4="","",IFERROR(INDEX('Check giá'!$D$4:$D$203,MATCH($C4,'Check giá'!$A$4:$A$203,0)),"")) -> Nhà máy Bao bì Tân Uyên – Giai đoạn 2 | F4: =IF($C4="","",IFERROR(INDEX('Check giá'!$E$4:$E$203,MATCH($C4,'Check giá'!$A$4:$A$203,0)),"")) -> Phòng Dự án – Trần Văn Nam | G4: =IF($C4="","",IFERROR(INDEX('Check giá'!$F$4:$F$203,MATCH($C4,'Check giá'!$A$4:$A$203,0)),"")) -> Thép tấm SS400 dày 10mm (1500x6000) | H4: =IF($C4="","",IFERROR(INDEX('Check giá'!$G$4:$G$203,MATCH($C4,'Check giá'!$A$4:$A$203,0)),"")) -> Tấm | I4: =IF($C4="","",IFERROR(INDEX('Check giá'!$Q$4:$Q$203,MATCH($C4,'Check giá'!$A$4:$A$203,0)),"")) -> 1180000 | J4: 200 | K4: 1250000 | L4: =IF($A4="","",$J4*$K4) -> 250000000 | M4: 46073 | N4: Đã duyệt | O4: Giám đốc Dự án | P4: 46035 | Q4: VÍ DỤ MẪU – XOÁ TRƯỚC KHI DÙNG THẬT
D5: =IF($C5="","",IFERROR(INDEX('Check giá'!$C$4:$C$203,MATCH($C5,'Check giá'!$A$4:$A$203,0)),"")) | E5: =IF($C5="","",IFERROR(INDEX('Check giá'!$D$4:$D$203,MATCH($C5,'Check giá'!$A$4:$A$203,0)),"")) | F5: =IF($C5="","",IFERROR(INDEX('Check giá'!$E$4:$E$203,MATCH($C5,'Check giá'!$A$4:$A$203,0)),"")) | G5: =IF($C5="","",IFERROR(INDEX('Check giá'!$F$4:$F$203,MATCH($C5,'Check giá'!$A$4:$A$203,0)),"")) | H5: =IF($C5="","",IFERROR(INDEX('Check giá'!$G$4:$G$203,MATCH($C5,'Check giá'!$A$4:$A$203,0)),"")) | I5: =IF($C5="","",IFERROR(INDEX('Check giá'!$Q$4:$Q$203,MATCH($C5,'Check giá'!$A$4:$A$203,0)),"")) | L5: =IF($A5="","",$J5*$K5)
D6: =IF($C6="","",IFERROR(INDEX('Check giá'!$C$4:$C$203,MATCH($C6,'Check giá'!$A$4:$A$203,0)),"")) | E6: =IF($C6="","",IFERROR(INDEX('Check giá'!$D$4:$D$203,MATCH($C6,'Check giá'!$A$4:$A$203,0)),"")) | F6: =IF($C6="","",IFERROR(INDEX('Check giá'!$E$4:$E$203,MATCH($C6,'Check giá'!$A$4:$A$203,0)),"")) | G6: =IF($C6="","",IFERROR(INDEX('Check giá'!$F$4:$F$203,MATCH($C6,'Check giá'!$A$4:$A$203,0)),"")) | H6: =IF($C6="","",IFERROR(INDEX('Check giá'!$G$4:$G$203,MATCH($C6,'Check giá'!$A$4:$A$203,0)),"")) | I6: =IF($C6="","",IFERROR(INDEX('Check giá'!$Q$4:$Q$203,MATCH($C6,'Check giá'!$A$4:$A$203,0)),"")) | L6: =IF($A6="","",$J6*$K6)
D7: =IF($C7="","",IFERROR(INDEX('Check giá'!$C$4:$C$203,MATCH($C7,'Check giá'!$A$4:$A$203,0)),"")) | E7: =IF($C7="","",IFERROR(INDEX('Check giá'!$D$4:$D$203,MATCH($C7,'Check giá'!$A$4:$A$203,0)),"")) | F7: =IF($C7="","",IFERROR(INDEX('Check giá'!$E$4:$E$203,MATCH($C7,'Check giá'!$A$4:$A$203,0)),"")) | G7: =IF($C7="","",IFERROR(INDEX('Check giá'!$F$4:$F$203,MATCH($C7,'Check giá'!$A$4:$A$203,0)),"")) | H7: =IF($C7="","",IFERROR(INDEX('Check giá'!$G$4:$G$203,MATCH($C7,'Check giá'!$A$4:$A$203,0)),"")) | I7: =IF($C7="","",IFERROR(INDEX('Check giá'!$Q$4:$Q$203,MATCH($C7,'Check giá'!$A$4:$A$203,0)),"")) | L7: =IF($A7="","",$J7*$K7)
D8: =IF($C8="","",IFERROR(INDEX('Check giá'!$C$4:$C$203,MATCH($C8,'Check giá'!$A$4:$A$203,0)),"")) | E8: =IF($C8="","",IFERROR(INDEX('Check giá'!$D$4:$D$203,MATCH($C8,'Check giá'!$A$4:$A$203,0)),"")) | F8: =IF($C8="","",IFERROR(INDEX('Check giá'!$E$4:$E$203,MATCH($C8,'Check giá'!$A$4:$A$203,0)),"")) | G8: =IF($C8="","",IFERROR(INDEX('Check giá'!$F$4:$F$203,MATCH($C8,'Check giá'!$A$4:$A$203,0)),"")) | H8: =IF($C8="","",IFERROR(INDEX('Check giá'!$G$4:$G$203,MATCH($C8,'Check giá'!$A$4:$A$203,0)),"")) | I8: =IF($C8="","",IFERROR(INDEX('Check giá'!$Q$4:$Q$203,MATCH($C8,'Check giá'!$A$4:$A$203,0)),"")) | L8: =IF($A8="","",$J8*$K8)
D9: =IF($C9="","",IFERROR(INDEX('Check giá'!$C$4:$C$203,MATCH($C9,'Check giá'!$A$4:$A$203,0)),"")) | E9: =IF($C9="","",IFERROR(INDEX('Check giá'!$D$4:$D$203,MATCH($C9,'Check giá'!$A$4:$A$203,0)),"")) | F9: =IF($C9="","",IFERROR(INDEX('Check giá'!$E$4:$E$203,MATCH($C9,'Check giá'!$A$4:$A$203,0)),"")) | G9: =IF($C9="","",IFERROR(INDEX('Check giá'!$F$4:$F$203,MATCH($C9,'Check giá'!$A$4:$A$203,0)),"")) | H9: =IF($C9="","",IFERROR(INDEX('Check giá'!$G$4:$G$203,MATCH($C9,'Check giá'!$A$4:$A$203,0)),"")) | I9: =IF($C9="","",IFERROR(INDEX('Check giá'!$Q$4:$Q$203,MATCH($C9,'Check giá'!$A$4:$A$203,0)),"")) | L9: =IF($A9="","",$J9*$K9)
D10: =IF($C10="","",IFERROR(INDEX('Check giá'!$C$4:$C$203,MATCH($C10,'Check giá'!$A$4:$A$203,0)),"")) | E10: =IF($C10="","",IFERROR(INDEX('Check giá'!$D$4:$D$203,MATCH($C10,'Check giá'!$A$4:$A$203,0)),"")) | F10: =IF($C10="","",IFERROR(INDEX('Check giá'!$E$4:$E$203,MATCH($C10,'Check giá'!$A$4:$A$203,0)),"")) | G10: =IF($C10="","",IFERROR(INDEX('Check giá'!$F$4:$F$203,MATCH($C10,'Check giá'!$A$4:$A$203,0)),"")) | H10: =IF($C10="","",IFERROR(INDEX('Check giá'!$G$4:$G$203,MATCH($C10,'Check giá'!$A$4:$A$203,0)),"")) | I10: =IF($C10="","",IFERROR(INDEX('Check giá'!$Q$4:$Q$203,MATCH($C10,'Check giá'!$A$4:$A$203,0)),"")) | L10: =IF($A10="","",$J10*$K10)
D11: =IF($C11="","",IFERROR(INDEX('Check giá'!$C$4:$C$203,MATCH($C11,'Check giá'!$A$4:$A$203,0)),"")) | E11: =IF($C11="","",IFERROR(INDEX('Check giá'!$D$4:$D$203,MATCH($C11,'Check giá'!$A$4:$A$203,0)),"")) | F11: =IF($C11="","",IFERROR(INDEX('Check giá'!$E$4:$E$203,MATCH($C11,'Check giá'!$A$4:$A$203,0)),"")) | G11: =IF($C11="","",IFERROR(INDEX('Check giá'!$F$4:$F$203,MATCH($C11,'Check giá'!$A$4:$A$203,0)),"")) | H11: =IF($C11="","",IFERROR(INDEX('Check giá'!$G$4:$G$203,MATCH($C11,'Check giá'!$A$4:$A$203,0)),"")) | I11: =IF($C11="","",IFERROR(INDEX('Check giá'!$Q$4:$Q$203,MATCH($C11,'Check giá'!$A$4:$A$203,0)),"")) | L11: =IF($A11="","",$J11*$K11)
D12: =IF($C12="","",IFERROR(INDEX('Check giá'!$C$4:$C$203,MATCH($C12,'Check giá'!$A$4:$A$203,0)),"")) | E12: =IF($C12="","",IFERROR(INDEX('Check giá'!$D$4:$D$203,MATCH($C12,'Check giá'!$A$4:$A$203,0)),"")) | F12: =IF($C12="","",IFERROR(INDEX('Check giá'!$E$4:$E$203,MATCH($C12,'Check giá'!$A$4:$A$203,0)),"")) | G12: =IF($C12="","",IFERROR(INDEX('Check giá'!$F$4:$F$203,MATCH($C12,'Check giá'!$A$4:$A$203,0)),"")) | H12: =IF($C12="","",IFERROR(INDEX('Check giá'!$G$4:$G$203,MATCH($C12,'Check giá'!$A$4:$A$203,0)),"")) | I12: =IF($C12="","",IFERROR(INDEX('Check giá'!$Q$4:$Q$203,MATCH($C12,'Check giá'!$A$4:$A$203,0)),"")) | L12: =IF($A12="","",$J12*$K12)
D13: =IF($C13="","",IFERROR(INDEX('Check giá'!$C$4:$C$203,MATCH($C13,'Check giá'!$A$4:$A$203,0)),"")) | E13: =IF($C13="","",IFERROR(INDEX('Check giá'!$D$4:$D$203,MATCH($C13,'Check giá'!$A$4:$A$203,0)),"")) | F13: =IF($C13="","",IFERROR(INDEX('Check giá'!$E$4:$E$203,MATCH($C13,'Check giá'!$A$4:$A$203,0)),"")) | G13: =IF($C13="","",IFERROR(INDEX('Check giá'!$F$4:$F$203,MATCH($C13,'Check giá'!$A$4:$A$203,0)),"")) | H13: =IF($C13="","",IFERROR(INDEX('Check giá'!$G$4:$G$203,MATCH($C13,'Check giá'!$A$4:$A$203,0)),"")) | I13: =IF($C13="","",IFERROR(INDEX('Check giá'!$Q$4:$Q$203,MATCH($C13,'Check giá'!$A$4:$A$203,0)),"")) | L13: =IF($A13="","",$J13*$K13)
D14: =IF($C14="","",IFERROR(INDEX('Check giá'!$C$4:$C$203,MATCH($C14,'Check giá'!$A$4:$A$203,0)),"")) | E14: =IF($C14="","",IFERROR(INDEX('Check giá'!$D$4:$D$203,MATCH($C14,'Check giá'!$A$4:$A$203,0)),"")) | F14: =IF($C14="","",IFERROR(INDEX('Check giá'!$E$4:$E$203,MATCH($C14,'Check giá'!$A$4:$A$203,0)),"")) | G14: =IF($C14="","",IFERROR(INDEX('Check giá'!$F$4:$F$203,MATCH($C14,'Check giá'!$A$4:$A$203,0)),"")) | H14: =IF($C14="","",IFERROR(INDEX('Check giá'!$G$4:$G$203,MATCH($C14,'Check giá'!$A$4:$A$203,0)),"")) | I14: =IF($C14="","",IFERROR(INDEX('Check giá'!$Q$4:$Q$203,MATCH($C14,'Check giá'!$A$4:$A$203,0)),"")) | L14: =IF($A14="","",$J14*$K14)
D15: =IF($C15="","",IFERROR(INDEX('Check giá'!$C$4:$C$203,MATCH($C15,'Check giá'!$A$4:$A$203,0)),"")) | E15: =IF($C15="","",IFERROR(INDEX('Check giá'!$D$4:$D$203,MATCH($C15,'Check giá'!$A$4:$A$203,0)),"")) | F15: =IF($C15="","",IFERROR(INDEX('Check giá'!$E$4:$E$203,MATCH($C15,'Check giá'!$A$4:$A$203,0)),"")) | G15: =IF($C15="","",IFERROR(INDEX('Check giá'!$F$4:$F$203,MATCH($C15,'Check giá'!$A$4:$A$203,0)),"")) | H15: =IF($C15="","",IFERROR(INDEX('Check giá'!$G$4:$G$203,MATCH($C15,'Check giá'!$A$4:$A$203,0)),"")) | I15: =IF($C15="","",IFERROR(INDEX('Check giá'!$Q$4:$Q$203,MATCH($C15,'Check giá'!$A$4:$A$203,0)),"")) | L15: =IF($A15="","",$J15*$K15)
D16: =IF($C16="","",IFERROR(INDEX('Check giá'!$C$4:$C$203,MATCH($C16,'Check giá'!$A$4:$A$203,0)),"")) | E16: =IF($C16="","",IFERROR(INDEX('Check giá'!$D$4:$D$203,MATCH($C16,'Check giá'!$A$4:$A$203,0)),"")) | F16: =IF($C16="","",IFERROR(INDEX('Check giá'!$E$4:$E$203,MATCH($C16,'Check giá'!$A$4:$A$203,0)),"")) | G16: =IF($C16="","",IFERROR(INDEX('Check giá'!$F$4:$F$203,MATCH($C16,'Check giá'!$A$4:$A$203,0)),"")) | H16: =IF($C16="","",IFERROR(INDEX('Check giá'!$G$4:$G$203,MATCH($C16,'Check giá'!$A$4:$A$203,0)),"")) | I16: =IF($C16="","",IFERROR(INDEX('Check giá'!$Q$4:$Q$203,MATCH($C16,'Check giá'!$A$4:$A$203,0)),"")) | L16: =IF($A16="","",$J16*$K16)
... D203: =IF($C203="","",IFERROR(INDEX('Check giá'!$C$4:$C$203,MATCH($C203,'Check giá'!$A$4:$A$203,0)),"")) | E203: =IF($C203="","",IFERROR(INDEX('Check giá'!$D$4:$D$203,MATCH($C203,'Check giá'!$A$4:$A$203,0)),"")) | F203: =IF($C203="","",IFERROR(INDEX('Check giá'!$E$4:$E$203,MATCH($C203,'Check giá'!$A$4:$A$203,0)),"")) | G203: =IF($C203="","",IFERROR(INDEX('Check giá'!$F$4:$F$203,MATCH($C203,'Check giá'!$A$4:$A$203,0)),"")) | H203: =IF($C203="","",IFERROR(INDEX('Check giá'!$G$4:$G$203,MATCH($C203,'Check giá'!$A$4:$A$203,0)),"")) | I203: =IF($C203="","",IFERROR(INDEX('Check giá'!$Q$4:$Q$203,MATCH($C203,'Check giá'!$A$4:$A$203,0)),"")) | L203: =IF($A203="","",$J203*$K203)

Sheet PO
A1: QUY TRÌNH 2 – PO MUA HÀNG / HỢP ĐỒNG – TIẾN ĐỘ & CHẤT LƯỢNG
A2: Nhập Mã PR + Mã NCC → tự kéo dự án, hạng mục, bộ phận, dự toán, tên NCC, điều khoản TT. Nhập ngày cam kết/ngày nhận → tự đánh giá tiến độ; nhập SL nhận/SL lỗi → tự chấm chất lượng; hạn TT = ngày nhận + điều khoản NCC.
A3: Mã PO | B3: Ngày PO | C3: Mã PR | D3: Mã dự án | E3: Tên dự án | F3: Hạng mục (từ PR) | G3: Bộ phận yêu cầu | H3: Mã NCC | I3: Tên NCC | J3: Số lượng đặt | K3: Đơn giá PO | L3: Giá trị PO | M3: Dự toán PR | N3: Tiết kiệm đàm phán | O3: Số hợp đồng | P3: Ngày ký hợp đồng | Q3: Ngày giao cam kết | R3: Ngày nhận thực tế | S3: Đánh giá giao hàng | T3: Số ngày trễ | U3: SL nhận thực tế | V3: SL hàng lỗi | W3: Tỷ lệ hàng lỗi | X3: SL trả lại NCC | Y3: Kết quả kiểm tra CL | Z3: Điều khoản TT (ngày) | AA3: Hạn thanh toán | AB3: Ghi chú
A4: PO-2026-001 | B4: 46037 | C4: PR-2026-001 | D4: =IF($C4="","",IFERROR(INDEX(PR!$D$4:$D$203,MATCH($C4,PR!$A$4:$A$203,0)),"")) -> DA-2026-01 | E4: =IF($C4="","",IFERROR(INDEX(PR!$E$4:$E$203,MATCH($C4,PR!$A$4:$A$203,0)),"")) -> Nhà máy Bao bì Tân Uyên – Giai đoạn 2 | F4: =IF($C4="","",IFERROR(INDEX(PR!$G$4:$G$203,MATCH($C4,PR!$A$4:$A$203,0)),"")) -> Thép tấm SS400 dày 10mm (1500x6000) | G4: =IF($C4="","",IFERROR(INDEX(PR!$F$4:$F$203,MATCH($C4,PR!$A$4:$A$203,0)),"")) -> Phòng Dự án – Trần Văn Nam | H4: NCC001 | I4: =IF($H4="","",IFERROR(INDEX('Nhà cung cấp'!$B$4:$B$203,MATCH($H4,'Nhà cung cấp'!$A$4:$A$203,0)),"")) -> Công ty TNHH Thép Việt An | J4: 200 | K4: 1180000 | L4: =IF($A4="","",IFERROR($J4*$K4,"")) -> 236000000 | M4: =IF($C4="","",IFERROR(INDEX(PR!$L$4:$L$203,MATCH($C4,PR!$A$4:$A$203,0)),"")) -> 250000000 | N4: =IF($A4="","",IFERROR($M4-$L4,"")) -> 14000000 | O4: 05/2026/HĐMB-THNG | P4: 46036 | Q4: 46068 | R4: 46071 | S4: =IF($A4="","",IF($Q4="","",IF($R4="",IF(TODAY()>$Q4,"Trễ hạn","Chưa đến hạn"),IF($R4<=$Q4,"Đúng hạn","Giao trễ")))) -> Giao trễ | T4: =IF($A4="","",IF($Q4="",0,IF($R4="",IF(TODAY()>$Q4,TODAY()-$Q4,0),MAX(0,$R4-$Q4)))) -> 3 | U4: 200 | V4: 3 | W4: =IF($A4="","",IFERROR($V4/$U4,"")) -> 0.015 | X4: 3 | Y4: =IF($A4="","",IF($U4="","",IF($W4<='Tổng quan'!$C$8,"Đạt","Không đạt"))) -> Đạt | Z4: =IF($H4="","",IFERROR(INDEX('Nhà cung cấp'!$G$4:$G$203,MATCH($H4,'Nhà cung cấp'!$A$4:$A$203,0)),"")) -> 30 | AA4: =IF($A4="","",IFERROR($R4+$Z4,"")) -> 46101 | AB4: VÍ DỤ MẪU – XOÁ TRƯỚC KHI DÙNG THẬT
D5: =IF($C5="","",IFERROR(INDEX(PR!$D$4:$D$203,MATCH($C5,PR!$A$4:$A$203,0)),"")) | E5: =IF($C5="","",IFERROR(INDEX(PR!$E$4:$E$203,MATCH($C5,PR!$A$4:$A$203,0)),"")) | F5: =IF($C5="","",IFERROR(INDEX(PR!$G$4:$G$203,MATCH($C5,PR!$A$4:$A$203,0)),"")) | G5: =IF($C5="","",IFERROR(INDEX(PR!$F$4:$F$203,MATCH($C5,PR!$A$4:$A$203,0)),"")) | I5: =IF($H5="","",IFERROR(INDEX('Nhà cung cấp'!$B$4:$B$203,MATCH($H5,'Nhà cung cấp'!$A$4:$A$203,0)),"")) | L5: =IF($A5="","",IFERROR($J5*$K5,"")) | M5: =IF($C5="","",IFERROR(INDEX(PR!$L$4:$L$203,MATCH($C5,PR!$A$4:$A$203,0)),"")) | N5: =IF($A5="","",IFERROR($M5-$L5,"")) | S5: =IF($A5="","",IF($Q5="","",IF($R5="",IF(TODAY()>$Q5,"Trễ hạn","Chưa đến hạn"),IF($R5<=$Q5,"Đúng hạn","Giao trễ")))) | T5: =IF($A5="","",IF($Q5="",0,IF($R5="",IF(TODAY()>$Q5,TODAY()-$Q5,0),MAX(0,$R5-$Q5)))) | W5: =IF($A5="","",IFERROR($V5/$U5,"")) | Y5: =IF($A5="","",IF($U5="","",IF($W5<='Tổng quan'!$C$8,"Đạt","Không đạt"))) | Z5: =IF($H5="","",IFERROR(INDEX('Nhà cung cấp'!$G$4:$G$203,MATCH($H5,'Nhà cung cấp'!$A$4:$A$203,0)),"")) | AA5: =IF($A5="","",IFERROR($R5+$Z5,""))
D6: =IF($C6="","",IFERROR(INDEX(PR!$D$4:$D$203,MATCH($C6,PR!$A$4:$A$203,0)),"")) | E6: =IF($C6="","",IFERROR(INDEX(PR!$E$4:$E$203,MATCH($C6,PR!$A$4:$A$203,0)),"")) | F6: =IF($C6="","",IFERROR(INDEX(PR!$G$4:$G$203,MATCH($C6,PR!$A$4:$A$203,0)),"")) | G6: =IF($C6="","",IFERROR(INDEX(PR!$F$4:$F$203,MATCH($C6,PR!$A$4:$A$203,0)),"")) | I6: =IF($H6="","",IFERROR(INDEX('Nhà cung cấp'!$B$4:$B$203,MATCH($H6,'Nhà cung cấp'!$A$4:$A$203,0)),"")) | L6: =IF($A6="","",IFERROR($J6*$K6,"")) | M6: =IF($C6="","",IFERROR(INDEX(PR!$L$4:$L$203,MATCH($C6,PR!$A$4:$A$203,0)),"")) | N6: =IF($A6="","",IFERROR($M6-$L6,"")) | S6: =IF($A6="","",IF($Q6="","",IF($R6="",IF(TODAY()>$Q6,"Trễ hạn","Chưa đến hạn"),IF($R6<=$Q6,"Đúng hạn","Giao trễ")))) | T6: =IF($A6="","",IF($Q6="",0,IF($R6="",IF(TODAY()>$Q6,TODAY()-$Q6,0),MAX(0,$R6-$Q6)))) | W6: =IF($A6="","",IFERROR($V6/$U6,"")) | Y6: =IF($A6="","",IF($U6="","",IF($W6<='Tổng quan'!$C$8,"Đạt","Không đạt"))) | Z6: =IF($H6="","",IFERROR(INDEX('Nhà cung cấp'!$G$4:$G$203,MATCH($H6,'Nhà cung cấp'!$A$4:$A$203,0)),"")) | AA6: =IF($A6="","",IFERROR($R6+$Z6,""))
D7: =IF($C7="","",IFERROR(INDEX(PR!$D$4:$D$203,MATCH($C7,PR!$A$4:$A$203,0)),"")) | E7: =IF($C7="","",IFERROR(INDEX(PR!$E$4:$E$203,MATCH($C7,PR!$A$4:$A$203,0)),"")) | F7: =IF($C7="","",IFERROR(INDEX(PR!$G$4:$G$203,MATCH($C7,PR!$A$4:$A$203,0)),"")) | G7: =IF($C7="","",IFERROR(INDEX(PR!$F$4:$F$203,MATCH($C7,PR!$A$4:$A$203,0)),"")) | I7: =IF($H7="","",IFERROR(INDEX('Nhà cung cấp'!$B$4:$B$203,MATCH($H7,'Nhà cung cấp'!$A$4:$A$203,0)),"")) | L7: =IF($A7="","",IFERROR($J7*$K7,"")) | M7: =IF($C7="","",IFERROR(INDEX(PR!$L$4:$L$203,MATCH($C7,PR!$A$4:$A$203,0)),"")) | N7: =IF($A7="","",IFERROR($M7-$L7,"")) | S7: =IF($A7="","",IF($Q7="","",IF($R7="",IF(TODAY()>$Q7,"Trễ hạn","Chưa đến hạn"),IF($R7<=$Q7,"Đúng hạn","Giao trễ")))) | T7: =IF($A7="","",IF($Q7="",0,IF($R7="",IF(TODAY()>$Q7,TODAY()-$Q7,0),MAX(0,$R7-$Q7)))) | W7: =IF($A7="","",IFERROR($V7/$U7,"")) | Y7: =IF($A7="","",IF($U7="","",IF($W7<='Tổng quan'!$C$8,"Đạt","Không đạt"))) | Z7: =IF($H7="","",IFERROR(INDEX('Nhà cung cấp'!$G$4:$G$203,MATCH($H7,'Nhà cung cấp'!$A$4:$A$203,0)),"")) | AA7: =IF($A7="","",IFERROR($R7+$Z7,""))
D8: =IF($C8="","",IFERROR(INDEX(PR!$D$4:$D$203,MATCH($C8,PR!$A$4:$A$203,0)),"")) | E8: =IF($C8="","",IFERROR(INDEX(PR!$E$4:$E$203,MATCH($C8,PR!$A$4:$A$203,0)),"")) | F8: =IF($C8="","",IFERROR(INDEX(PR!$G$4:$G$203,MATCH($C8,PR!$A$4:$A$203,0)),"")) | G8: =IF($C8="","",IFERROR(INDEX(PR!$F$4:$F$203,MATCH($C8,PR!$A$4:$A$203,0)),"")) | I8: =IF($H8="","",IFERROR(INDEX('Nhà cung cấp'!$B$4:$B$203,MATCH($H8,'Nhà cung cấp'!$A$4:$A$203,0)),"")) | L8: =IF($A8="","",IFERROR($J8*$K8,"")) | M8: =IF($C8="","",IFERROR(INDEX(PR!$L$4:$L$203,MATCH($C8,PR!$A$4:$A$203,0)),"")) | N8: =IF($A8="","",IFERROR($M8-$L8,"")) | S8: =IF($A8="","",IF($Q8="","",IF($R8="",IF(TODAY()>$Q8,"Trễ hạn","Chưa đến hạn"),IF($R8<=$Q8,"Đúng hạn","Giao trễ")))) | T8: =IF($A8="","",IF($Q8="",0,IF($R8="",IF(TODAY()>$Q8,TODAY()-$Q8,0),MAX(0,$R8-$Q8)))) | W8: =IF($A8="","",IFERROR($V8/$U8,"")) | Y8: =IF($A8="","",IF($U8="","",IF($W8<='Tổng quan'!$C$8,"Đạt","Không đạt"))) | Z8: =IF($H8="","",IFERROR(INDEX('Nhà cung cấp'!$G$4:$G$203,MATCH($H8,'Nhà cung cấp'!$A$4:$A$203,0)),"")) | AA8: =IF($A8="","",IFERROR($R8+$Z8,""))
D9: =IF($C9="","",IFERROR(INDEX(PR!$D$4:$D$203,MATCH($C9,PR!$A$4:$A$203,0)),"")) | E9: =IF($C9="","",IFERROR(INDEX(PR!$E$4:$E$203,MATCH($C9,PR!$A$4:$A$203,0)),"")) | F9: =IF($C9="","",IFERROR(INDEX(PR!$G$4:$G$203,MATCH($C9,PR!$A$4:$A$203,0)),"")) | G9: =IF($C9="","",IFERROR(INDEX(PR!$F$4:$F$203,MATCH($C9,PR!$A$4:$A$203,0)),"")) | I9: =IF($H9="","",IFERROR(INDEX('Nhà cung cấp'!$B$4:$B$203,MATCH($H9,'Nhà cung cấp'!$A$4:$A$203,0)),"")) | L9: =IF($A9="","",IFERROR($J9*$K9,"")) | M9: =IF($C9="","",IFERROR(INDEX(PR!$L$4:$L$203,MATCH($C9,PR!$A$4:$A$203,0)),"")) | N9: =IF($A9="","",IFERROR($M9-$L9,"")) | S9: =IF($A9="","",IF($Q9="","",IF($R9="",IF(TODAY()>$Q9,"Trễ hạn","Chưa đến hạn"),IF($R9<=$Q9,"Đúng hạn","Giao trễ")))) | T9: =IF($A9="","",IF($Q9="",0,IF($R9="",IF(TODAY()>$Q9,TODAY()-$Q9,0),MAX(0,$R9-$Q9)))) | W9: =IF($A9="","",IFERROR($V9/$U9,"")) | Y9: =IF($A9="","",IF($U9="","",IF($W9<='Tổng quan'!$C$8,"Đạt","Không đạt"))) | Z9: =IF($H9="","",IFERROR(INDEX('Nhà cung cấp'!$G$4:$G$203,MATCH($H9,'Nhà cung cấp'!$A$4:$A$203,0)),"")) | AA9: =IF($A9="","",IFERROR($R9+$Z9,""))
D10: =IF($C10="","",IFERROR(INDEX(PR!$D$4:$D$203,MATCH($C10,PR!$A$4:$A$203,0)),"")) | E10: =IF($C10="","",IFERROR(INDEX(PR!$E$4:$E$203,MATCH($C10,PR!$A$4:$A$203,0)),"")) | F10: =IF($C10="","",IFERROR(INDEX(PR!$G$4:$G$203,MATCH($C10,PR!$A$4:$A$203,0)),"")) | G10: =IF($C10="","",IFERROR(INDEX(PR!$F$4:$F$203,MATCH($C10,PR!$A$4:$A$203,0)),"")) | I10: =IF($H10="","",IFERROR(INDEX('Nhà cung cấp'!$B$4:$B$203,MATCH($H10,'Nhà cung cấp'!$A$4:$A$203,0)),"")) | L10: =IF($A10="","",IFERROR($J10*$K10,"")) | M10: =IF($C10="","",IFERROR(INDEX(PR!$L$4:$L$203,MATCH($C10,PR!$A$4:$A$203,0)),"")) | N10: =IF($A10="","",IFERROR($M10-$L10,"")) | S10: =IF($A10="","",IF($Q10="","",IF($R10="",IF(TODAY()>$Q10,"Trễ hạn","Chưa đến hạn"),IF($R10<=$Q10,"Đúng hạn","Giao trễ")))) | T10: =IF($A10="","",IF($Q10="",0,IF($R10="",IF(TODAY()>$Q10,TODAY()-$Q10,0),MAX(0,$R10-$Q10)))) | W10: =IF($A10="","",IFERROR($V10/$U10,"")) | Y10: =IF($A10="","",IF($U10="","",IF($W10<='Tổng quan'!$C$8,"Đạt","Không đạt"))) | Z10: =IF($H10="","",IFERROR(INDEX('Nhà cung cấp'!$G$4:$G$203,MATCH($H10,'Nhà cung cấp'!$A$4:$A$203,0)),"")) | AA10: =IF($A10="","",IFERROR($R10+$Z10,""))
D11: =IF($C11="","",IFERROR(INDEX(PR!$D$4:$D$203,MATCH($C11,PR!$A$4:$A$203,0)),"")) | E11: =IF($C11="","",IFERROR(INDEX(PR!$E$4:$E$203,MATCH($C11,PR!$A$4:$A$203,0)),"")) | F11: =IF($C11="","",IFERROR(INDEX(PR!$G$4:$G$203,MATCH($C11,PR!$A$4:$A$203,0)),"")) | G11: =IF($C11="","",IFERROR(INDEX(PR!$F$4:$F$203,MATCH($C11,PR!$A$4:$A$203,0)),"")) | I11: =IF($H11="","",IFERROR(INDEX('Nhà cung cấp'!$B$4:$B$203,MATCH($H11,'Nhà cung cấp'!$A$4:$A$203,0)),"")) | L11: =IF($A11="","",IFERROR($J11*$K11,"")) | M11: =IF($C11="","",IFERROR(INDEX(PR!$L$4:$L$203,MATCH($C11,PR!$A$4:$A$203,0)),"")) | N11: =IF($A11="","",IFERROR($M11-$L11,"")) | S11: =IF($A11="","",IF($Q11="","",IF($R11="",IF(TODAY()>$Q11,"Trễ hạn","Chưa đến hạn"),IF($R11<=$Q11,"Đúng hạn","Giao trễ")))) | T11: =IF($A11="","",IF($Q11="",0,IF($R11="",IF(TODAY()>$Q11,TODAY()-$Q11,0),MAX(0,$R11-$Q11)))) | W11: =IF($A11="","",IFERROR($V11/$U11,"")) | Y11: =IF($A11="","",IF($U11="","",IF($W11<='Tổng quan'!$C$8,"Đạt","Không đạt"))) | Z11: =IF($H11="","",IFERROR(INDEX('Nhà cung cấp'!$G$4:$G$203,MATCH($H11,'Nhà cung cấp'!$A$4:$A$203,0)),"")) | AA11: =IF($A11="","",IFERROR($R11+$Z11,""))
D12: =IF($C12="","",IFERROR(INDEX(PR!$D$4:$D$203,MATCH($C12,PR!$A$4:$A$203,0)),"")) | E12: =IF($C12="","",IFERROR(INDEX(PR!$E$4:$E$203,MATCH($C12,PR!$A$4:$A$203,0)),"")) | F12: =IF($C12="","",IFERROR(INDEX(PR!$G$4:$G$203,MATCH($C12,PR!$A$4:$A$203,0)),"")) | G12: =IF($C12="","",IFERROR(INDEX(PR!$F$4:$F$203,MATCH($C12,PR!$A$4:$A$203,0)),"")) | I12: =IF($H12="","",IFERROR(INDEX('Nhà cung cấp'!$B$4:$B$203,MATCH($H12,'Nhà cung cấp'!$A$4:$A$203,0)),"")) | L12: =IF($A12="","",IFERROR($J12*$K12,"")) | M12: =IF($C12="","",IFERROR(INDEX(PR!$L$4:$L$203,MATCH($C12,PR!$A$4:$A$203,0)),"")) | N12: =IF($A12="","",IFERROR($M12-$L12,"")) | S12: =IF($A12="","",IF($Q12="","",IF($R12="",IF(TODAY()>$Q12,"Trễ hạn","Chưa đến hạn"),IF($R12<=$Q12,"Đúng hạn","Giao trễ")))) | T12: =IF($A12="","",IF($Q12="",0,IF($R12="",IF(TODAY()>$Q12,TODAY()-$Q12,0),MAX(0,$R12-$Q12)))) | W12: =IF($A12="","",IFERROR($V12/$U12,"")) | Y12: =IF($A12="","",IF($U12="","",IF($W12<='Tổng quan'!$C$8,"Đạt","Không đạt"))) | Z12: =IF($H12="","",IFERROR(INDEX('Nhà cung cấp'!$G$4:$G$203,MATCH($H12,'Nhà cung cấp'!$A$4:$A$203,0)),"")) | AA12: =IF($A12="","",IFERROR($R12+$Z12,""))
D13: =IF($C13="","",IFERROR(INDEX(PR!$D$4:$D$203,MATCH($C13,PR!$A$4:$A$203,0)),"")) | E13: =IF($C13="","",IFERROR(INDEX(PR!$E$4:$E$203,MATCH($C13,PR!$A$4:$A$203,0)),"")) | F13: =IF($C13="","",IFERROR(INDEX(PR!$G$4:$G$203,MATCH($C13,PR!$A$4:$A$203,0)),"")) | G13: =IF($C13="","",IFERROR(INDEX(PR!$F$4:$F$203,MATCH($C13,PR!$A$4:$A$203,0)),"")) | I13: =IF($H13="","",IFERROR(INDEX('Nhà cung cấp'!$B$4:$B$203,MATCH($H13,'Nhà cung cấp'!$A$4:$A$203,0)),"")) | L13: =IF($A13="","",IFERROR($J13*$K13,"")) | M13: =IF($C13="","",IFERROR(INDEX(PR!$L$4:$L$203,MATCH($C13,PR!$A$4:$A$203,0)),"")) | N13: =IF($A13="","",IFERROR($M13-$L13,"")) | S13: =IF($A13="","",IF($Q13="","",IF($R13="",IF(TODAY()>$Q13,"Trễ hạn","Chưa đến hạn"),IF($R13<=$Q13,"Đúng hạn","Giao trễ")))) | T13: =IF($A13="","",IF($Q13="",0,IF($R13="",IF(TODAY()>$Q13,TODAY()-$Q13,0),MAX(0,$R13-$Q13)))) | W13: =IF($A13="","",IFERROR($V13/$U13,"")) | Y13: =IF($A13="","",IF($U13="","",IF($W13<='Tổng quan'!$C$8,"Đạt","Không đạt"))) | Z13: =IF($H13="","",IFERROR(INDEX('Nhà cung cấp'!$G$4:$G$203,MATCH($H13,'Nhà cung cấp'!$A$4:$A$203,0)),"")) | AA13: =IF($A13="","",IFERROR($R13+$Z13,""))
D14: =IF($C14="","",IFERROR(INDEX(PR!$D$4:$D$203,MATCH($C14,PR!$A$4:$A$203,0)),"")) | E14: =IF($C14="","",IFERROR(INDEX(PR!$E$4:$E$203,MATCH($C14,PR!$A$4:$A$203,0)),"")) | F14: =IF($C14="","",IFERROR(INDEX(PR!$G$4:$G$203,MATCH($C14,PR!$A$4:$A$203,0)),"")) | G14: =IF($C14="","",IFERROR(INDEX(PR!$F$4:$F$203,MATCH($C14,PR!$A$4:$A$203,0)),"")) | I14: =IF($H14="","",IFERROR(INDEX('Nhà cung cấp'!$B$4:$B$203,MATCH($H14,'Nhà cung cấp'!$A$4:$A$203,0)),"")) | L14: =IF($A14="","",IFERROR($J14*$K14,"")) | M14: =IF($C14="","",IFERROR(INDEX(PR!$L$4:$L$203,MATCH($C14,PR!$A$4:$A$203,0)),"")) | N14: =IF($A14="","",IFERROR($M14-$L14,"")) | S14: =IF($A14="","",IF($Q14="","",IF($R14="",IF(TODAY()>$Q14,"Trễ hạn","Chưa đến hạn"),IF($R14<=$Q14,"Đúng hạn","Giao trễ")))) | T14: =IF($A14="","",IF($Q14="",0,IF($R14="",IF(TODAY()>$Q14,TODAY()-$Q14,0),MAX(0,$R14-$Q14)))) | W14: =IF($A14="","",IFERROR($V14/$U14,"")) | Y14: =IF($A14="","",IF($U14="","",IF($W14<='Tổng quan'!$C$8,"Đạt","Không đạt"))) | Z14: =IF($H14="","",IFERROR(INDEX('Nhà cung cấp'!$G$4:$G$203,MATCH($H14,'Nhà cung cấp'!$A$4:$A$203,0)),"")) | AA14: =IF($A14="","",IFERROR($R14+$Z14,""))
D15: =IF($C15="","",IFERROR(INDEX(PR!$D$4:$D$203,MATCH($C15,PR!$A$4:$A$203,0)),"")) | E15: =IF($C15="","",IFERROR(INDEX(PR!$E$4:$E$203,MATCH($C15,PR!$A$4:$A$203,0)),"")) | F15: =IF($C15="","",IFERROR(INDEX(PR!$G$4:$G$203,MATCH($C15,PR!$A$4:$A$203,0)),"")) | G15: =IF($C15="","",IFERROR(INDEX(PR!$F$4:$F$203,MATCH($C15,PR!$A$4:$A$203,0)),"")) | I15: =IF($H15="","",IFERROR(INDEX('Nhà cung cấp'!$B$4:$B$203,MATCH($H15,'Nhà cung cấp'!$A$4:$A$203,0)),"")) | L15: =IF($A15="","",IFERROR($J15*$K15,"")) | M15: =IF($C15="","",IFERROR(INDEX(PR!$L$4:$L$203,MATCH($C15,PR!$A$4:$A$203,0)),"")) | N15: =IF($A15="","",IFERROR($M15-$L15,"")) | S15: =IF($A15="","",IF($Q15="","",IF($R15="",IF(TODAY()>$Q15,"Trễ hạn","Chưa đến hạn"),IF($R15<=$Q15,"Đúng hạn","Giao trễ")))) | T15: =IF($A15="","",IF($Q15="",0,IF($R15="",IF(TODAY()>$Q15,TODAY()-$Q15,0),MAX(0,$R15-$Q15)))) | W15: =IF($A15="","",IFERROR($V15/$U15,"")) | Y15: =IF($A15="","",IF($U15="","",IF($W15<='Tổng quan'!$C$8,"Đạt","Không đạt"))) | Z15: =IF($H15="","",IFERROR(INDEX('Nhà cung cấp'!$G$4:$G$203,MATCH($H15,'Nhà cung cấp'!$A$4:$A$203,0)),"")) | AA15: =IF($A15="","",IFERROR($R15+$Z15,""))
D16: =IF($C16="","",IFERROR(INDEX(PR!$D$4:$D$203,MATCH($C16,PR!$A$4:$A$203,0)),"")) | E16: =IF($C16="","",IFERROR(INDEX(PR!$E$4:$E$203,MATCH($C16,PR!$A$4:$A$203,0)),"")) | F16: =IF($C16="","",IFERROR(INDEX(PR!$G$4:$G$203,MATCH($C16,PR!$A$4:$A$203,0)),"")) | G16: =IF($C16="","",IFERROR(INDEX(PR!$F$4:$F$203,MATCH($C16,PR!$A$4:$A$203,0)),"")) | I16: =IF($H16="","",IFERROR(INDEX('Nhà cung cấp'!$B$4:$B$203,MATCH($H16,'Nhà cung cấp'!$A$4:$A$203,0)),"")) | L16: =IF($A16="","",IFERROR($J16*$K16,"")) | M16: =IF($C16="","",IFERROR(INDEX(PR!$L$4:$L$203,MATCH($C16,PR!$A$4:$A$203,0)),"")) | N16: =IF($A16="","",IFERROR($M16-$L16,"")) | S16: =IF($A16="","",IF($Q16="","",IF($R16="",IF(TODAY()>$Q16,"Trễ hạn","Chưa đến hạn"),IF($R16<=$Q16,"Đúng hạn","Giao trễ")))) | T16: =IF($A16="","",IF($Q16="",0,IF($R16="",IF(TODAY()>$Q16,TODAY()-$Q16,0),MAX(0,$R16-$Q16)))) | W16: =IF($A16="","",IFERROR($V16/$U16,"")) | Y16: =IF($A16="","",IF($U16="","",IF($W16<='Tổng quan'!$C$8,"Đạt","Không đạt"))) | Z16: =IF($H16="","",IFERROR(INDEX('Nhà cung cấp'!$G$4:$G$203,MATCH($H16,'Nhà cung cấp'!$A$4:$A$203,0)),"")) | AA16: =IF($A16="","",IFERROR($R16+$Z16,""))
... D203: =IF($C203="","",IFERROR(INDEX(PR!$D$4:$D$203,MATCH($C203,PR!$A$4:$A$203,0)),"")) | E203: =IF($C203="","",IFERROR(INDEX(PR!$E$4:$E$203,MATCH($C203,PR!$A$4:$A$203,0)),"")) | F203: =IF($C203="","",IFERROR(INDEX(PR!$G$4:$G$203,MATCH($C203,PR!$A$4:$A$203,0)),"")) | G203: =IF($C203="","",IFERROR(INDEX(PR!$F$4:$F$203,MATCH($C203,PR!$A$4:$A$203,0)),"")) | I203: =IF($H203="","",IFERROR(INDEX('Nhà cung cấp'!$B$4:$B$203,MATCH($H203,'Nhà cung cấp'!$A$4:$A$203,0)),"")) | L203: =IF($A203="","",IFERROR($J203*$K203,"")) | M203: =IF($C203="","",IFERROR(INDEX(PR!$L$4:$L$203,MATCH($C203,PR!$A$4:$A$203,0)),"")) | N203: =IF($A203="","",IFERROR($M203-$L203,"")) | S203: =IF($A203="","",IF($Q203="","",IF($R203="",IF(TODAY()>$Q203,"Trễ hạn","Chưa đến hạn"),IF($R203<=$Q203,"Đúng hạn","Giao trễ")))) | T203: =IF($A203="","",IF($Q203="",0,IF($R203="",IF(TODAY()>$Q203,TODAY()-$Q203,0),MAX(0,$R203-$Q203)))) | W203: =IF($A203="","",IFERROR($V203/$U203,"")) | Y203: =IF($A203="","",IF($U203="","",IF($W203<='Tổng quan'!$C$8,"Đạt","Không đạt"))) | Z203: =IF($H203="","",IFERROR(INDEX('Nhà cung cấp'!$G$4:$G$203,MATCH($H203,'Nhà cung cấp'!$A$4:$A$203,0)),"")) | AA203: =IF($A203="","",IFERROR($R203+$Z203,""))

Sheet Thanh toán
A1: QUY TRÌNH 3 – THANH TOÁN NHÀ CUNG CẤP (SỔ CHI TIỀN)
A2: Một PO chi nhiều đợt = nhiều dòng. Nhập Mã PO → tự kéo dự án, NCC, giá trị PO; luỹ kế và còn phải trả tự tính.
A3: Mã phiếu chi | B3: Ngày thanh toán | C3: Mã PO | D3: Mã dự án | E3: Mã NCC | F3: Tên NCC | G3: Giá trị PO | H3: Số tiền thanh toán | I3: Đợt thanh toán | J3: Luỹ kế đã trả cho PO | K3: Còn phải trả của PO | L3: Hình thức | M3: Số chứng từ NH | N3: Nội dung / Ghi chú
A4: PC-2026-001 | B4: 46073 | C4: PO-2026-001 | D4: =IF($C4="","",IFERROR(INDEX(PO!$D$4:$D$203,MATCH($C4,PO!$A$4:$A$203,0)),"")) -> DA-2026-01 | E4: =IF($C4="","",IFERROR(INDEX(PO!$H$4:$H$203,MATCH($C4,PO!$A$4:$A$203,0)),"")) -> NCC001 | F4: =IF($C4="","",IFERROR(INDEX(PO!$I$4:$I$203,MATCH($C4,PO!$A$4:$A$203,0)),"")) -> Công ty TNHH Thép Việt An | G4: =IF($C4="","",IFERROR(INDEX(PO!$L$4:$L$203,MATCH($C4,PO!$A$4:$A$203,0)),"")) -> 236000000 | H4: 100000000 | I4: 1 | J4: =IF($A4="","",SUMIFS($H$4:$H$203,$C$4:$C$203,$C4)) -> 180000000 | K4: =IF($A4="","",IFERROR($G4-$J4,"")) -> 56000000 | L4: Chuyển khoản | M4: UNC 0125 | N4: Tạm ứng đợt 1 – VÍ DỤ MẪU, XOÁ TRƯỚC KHI DÙNG THẬT
A5: PC-2026-002 | B5: 46096 | C5: PO-2026-001 | D5: =IF($C5="","",IFERROR(INDEX(PO!$D$4:$D$203,MATCH($C5,PO!$A$4:$A$203,0)),"")) -> DA-2026-01 | E5: =IF($C5="","",IFERROR(INDEX(PO!$H$4:$H$203,MATCH($C5,PO!$A$4:$A$203,0)),"")) -> NCC001 | F5: =IF($C5="","",IFERROR(INDEX(PO!$I$4:$I$203,MATCH($C5,PO!$A$4:$A$203,0)),"")) -> Công ty TNHH Thép Việt An | G5: =IF($C5="","",IFERROR(INDEX(PO!$L$4:$L$203,MATCH($C5,PO!$A$4:$A$203,0)),"")) -> 236000000 | H5: 80000000 | I5: 2 | J5: =IF($A5="","",SUMIFS($H$4:$H$203,$C$4:$C$203,$C5)) -> 180000000 | K5: =IF($A5="","",IFERROR($G5-$J5,"")) -> 56000000 | L5: Chuyển khoản | M5: UNC 0198 | N5: Thanh toán đợt 2 – VÍ DỤ MẪU, XOÁ TRƯỚC KHI DÙNG THẬT
D6: =IF($C6="","",IFERROR(INDEX(PO!$D$4:$D$203,MATCH($C6,PO!$A$4:$A$203,0)),"")) | E6: =IF($C6="","",IFERROR(INDEX(PO!$H$4:$H$203,MATCH($C6,PO!$A$4:$A$203,0)),"")) | F6: =IF($C6="","",IFERROR(INDEX(PO!$I$4:$I$203,MATCH($C6,PO!$A$4:$A$203,0)),"")) | G6: =IF($C6="","",IFERROR(INDEX(PO!$L$4:$L$203,MATCH($C6,PO!$A$4:$A$203,0)),"")) | J6: =IF($A6="","",SUMIFS($H$4:$H$203,$C$4:$C$203,$C6)) | K6: =IF($A6="","",IFERROR($G6-$J6,""))
D7: =IF($C7="","",IFERROR(INDEX(PO!$D$4:$D$203,MATCH($C7,PO!$A$4:$A$203,0)),"")) | E7: =IF($C7="","",IFERROR(INDEX(PO!$H$4:$H$203,MATCH($C7,PO!$A$4:$A$203,0)),"")) | F7: =IF($C7="","",IFERROR(INDEX(PO!$I$4:$I$203,MATCH($C7,PO!$A$4:$A$203,0)),"")) | G7: =IF($C7="","",IFERROR(INDEX(PO!$L$4:$L$203,MATCH($C7,PO!$A$4:$A$203,0)),"")) | J7: =IF($A7="","",SUMIFS($H$4:$H$203,$C$4:$C$203,$C7)) | K7: =IF($A7="","",IFERROR($G7-$J7,""))
D8: =IF($C8="","",IFERROR(INDEX(PO!$D$4:$D$203,MATCH($C8,PO!$A$4:$A$203,0)),"")) | E8: =IF($C8="","",IFERROR(INDEX(PO!$H$4:$H$203,MATCH($C8,PO!$A$4:$A$203,0)),"")) | F8: =IF($C8="","",IFERROR(INDEX(PO!$I$4:$I$203,MATCH($C8,PO!$A$4:$A$203,0)),"")) | G8: =IF($C8="","",IFERROR(INDEX(PO!$L$4:$L$203,MATCH($C8,PO!$A$4:$A$203,0)),"")) | J8: =IF($A8="","",SUMIFS($H$4:$H$203,$C$4:$C$203,$C8)) | K8: =IF($A8="","",IFERROR($G8-$J8,""))
D9: =IF($C9="","",IFERROR(INDEX(PO!$D$4:$D$203,MATCH($C9,PO!$A$4:$A$203,0)),"")) | E9: =IF($C9="","",IFERROR(INDEX(PO!$H$4:$H$203,MATCH($C9,PO!$A$4:$A$203,0)),"")) | F9: =IF($C9="","",IFERROR(INDEX(PO!$I$4:$I$203,MATCH($C9,PO!$A$4:$A$203,0)),"")) | G9: =IF($C9="","",IFERROR(INDEX(PO!$L$4:$L$203,MATCH($C9,PO!$A$4:$A$203,0)),"")) | J9: =IF($A9="","",SUMIFS($H$4:$H$203,$C$4:$C$203,$C9)) | K9: =IF($A9="","",IFERROR($G9-$J9,""))
D10: =IF($C10="","",IFERROR(INDEX(PO!$D$4:$D$203,MATCH($C10,PO!$A$4:$A$203,0)),"")) | E10: =IF($C10="","",IFERROR(INDEX(PO!$H$4:$H$203,MATCH($C10,PO!$A$4:$A$203,0)),"")) | F10: =IF($C10="","",IFERROR(INDEX(PO!$I$4:$I$203,MATCH($C10,PO!$A$4:$A$203,0)),"")) | G10: =IF($C10="","",IFERROR(INDEX(PO!$L$4:$L$203,MATCH($C10,PO!$A$4:$A$203,0)),"")) | J10: =IF($A10="","",SUMIFS($H$4:$H$203,$C$4:$C$203,$C10)) | K10: =IF($A10="","",IFERROR($G10-$J10,""))
D11: =IF($C11="","",IFERROR(INDEX(PO!$D$4:$D$203,MATCH($C11,PO!$A$4:$A$203,0)),"")) | E11: =IF($C11="","",IFERROR(INDEX(PO!$H$4:$H$203,MATCH($C11,PO!$A$4:$A$203,0)),"")) | F11: =IF($C11="","",IFERROR(INDEX(PO!$I$4:$I$203,MATCH($C11,PO!$A$4:$A$203,0)),"")) | G11: =IF($C11="","",IFERROR(INDEX(PO!$L$4:$L$203,MATCH($C11,PO!$A$4:$A$203,0)),"")) | J11: =IF($A11="","",SUMIFS($H$4:$H$203,$C$4:$C$203,$C11)) | K11: =IF($A11="","",IFERROR($G11-$J11,""))
D12: =IF($C12="","",IFERROR(INDEX(PO!$D$4:$D$203,MATCH($C12,PO!$A$4:$A$203,0)),"")) | E12: =IF($C12="","",IFERROR(INDEX(PO!$H$4:$H$203,MATCH($C12,PO!$A$4:$A$203,0)),"")) | F12: =IF($C12="","",IFERROR(INDEX(PO!$I$4:$I$203,MATCH($C12,PO!$A$4:$A$203,0)),"")) | G12: =IF($C12="","",IFERROR(INDEX(PO!$L$4:$L$203,MATCH($C12,PO!$A$4:$A$203,0)),"")) | J12: =IF($A12="","",SUMIFS($H$4:$H$203,$C$4:$C$203,$C12)) | K12: =IF($A12="","",IFERROR($G12-$J12,""))
D13: =IF($C13="","",IFERROR(INDEX(PO!$D$4:$D$203,MATCH($C13,PO!$A$4:$A$203,0)),"")) | E13: =IF($C13="","",IFERROR(INDEX(PO!$H$4:$H$203,MATCH($C13,PO!$A$4:$A$203,0)),"")) | F13: =IF($C13="","",IFERROR(INDEX(PO!$I$4:$I$203,MATCH($C13,PO!$A$4:$A$203,0)),"")) | G13: =IF($C13="","",IFERROR(INDEX(PO!$L$4:$L$203,MATCH($C13,PO!$A$4:$A$203,0)),"")) | J13: =IF($A13="","",SUMIFS($H$4:$H$203,$C$4:$C$203,$C13)) | K13: =IF($A13="","",IFERROR($G13-$J13,""))
D14: =IF($C14="","",IFERROR(INDEX(PO!$D$4:$D$203,MATCH($C14,PO!$A$4:$A$203,0)),"")) | E14: =IF($C14="","",IFERROR(INDEX(PO!$H$4:$H$203,MATCH($C14,PO!$A$4:$A$203,0)),"")) | F14: =IF($C14="","",IFERROR(INDEX(PO!$I$4:$I$203,MATCH($C14,PO!$A$4:$A$203,0)),"")) | G14: =IF($C14="","",IFERROR(INDEX(PO!$L$4:$L$203,MATCH($C14,PO!$A$4:$A$203,0)),"")) | J14: =IF($A14="","",SUMIFS($H$4:$H$203,$C$4:$C$203,$C14)) | K14: =IF($A14="","",IFERROR($G14-$J14,""))
D15: =IF($C15="","",IFERROR(INDEX(PO!$D$4:$D$203,MATCH($C15,PO!$A$4:$A$203,0)),"")) | E15: =IF($C15="","",IFERROR(INDEX(PO!$H$4:$H$203,MATCH($C15,PO!$A$4:$A$203,0)),"")) | F15: =IF($C15="","",IFERROR(INDEX(PO!$I$4:$I$203,MATCH($C15,PO!$A$4:$A$203,0)),"")) | G15: =IF($C15="","",IFERROR(INDEX(PO!$L$4:$L$203,MATCH($C15,PO!$A$4:$A$203,0)),"")) | J15: =IF($A15="","",SUMIFS($H$4:$H$203,$C$4:$C$203,$C15)) | K15: =IF($A15="","",IFERROR($G15-$J15,""))
D16: =IF($C16="","",IFERROR(INDEX(PO!$D$4:$D$203,MATCH($C16,PO!$A$4:$A$203,0)),"")) | E16: =IF($C16="","",IFERROR(INDEX(PO!$H$4:$H$203,MATCH($C16,PO!$A$4:$A$203,0)),"")) | F16: =IF($C16="","",IFERROR(INDEX(PO!$I$4:$I$203,MATCH($C16,PO!$A$4:$A$203,0)),"")) | G16: =IF($C16="","",IFERROR(INDEX(PO!$L$4:$L$203,MATCH($C16,PO!$A$4:$A$203,0)),"")) | J16: =IF($A16="","",SUMIFS($H$4:$H$203,$C$4:$C$203,$C16)) | K16: =IF($A16="","",IFERROR($G16-$J16,""))
D17: =IF($C17="","",IFERROR(INDEX(PO!$D$4:$D$203,MATCH($C17,PO!$A$4:$A$203,0)),"")) | E17: =IF($C17="","",IFERROR(INDEX(PO!$H$4:$H$203,MATCH($C17,PO!$A$4:$A$203,0)),"")) | F17: =IF($C17="","",IFERROR(INDEX(PO!$I$4:$I$203,MATCH($C17,PO!$A$4:$A$203,0)),"")) | G17: =IF($C17="","",IFERROR(INDEX(PO!$L$4:$L$203,MATCH($C17,PO!$A$4:$A$203,0)),"")) | J17: =IF($A17="","",SUMIFS($H$4:$H$203,$C$4:$C$203,$C17)) | K17: =IF($A17="","",IFERROR($G17-$J17,""))
... D203: =IF($C203="","",IFERROR(INDEX(PO!$D$4:$D$203,MATCH($C203,PO!$A$4:$A$203,0)),"")) | E203: =IF($C203="","",IFERROR(INDEX(PO!$H$4:$H$203,MATCH($C203,PO!$A$4:$A$203,0)),"")) | F203: =IF($C203="","",IFERROR(INDEX(PO!$I$4:$I$203,MATCH($C203,PO!$A$4:$A$203,0)),"")) | G203: =IF($C203="","",IFERROR(INDEX(PO!$L$4:$L$203,MATCH($C203,PO!$A$4:$A$203,0)),"")) | J203: =IF($A203="","",SUMIFS($H$4:$H$203,$C$4:$C$203,$C203)) | K203: =IF($A203="","",IFERROR($G203-$J203,""))

Sheet Công nợ
A1: QUY TRÌNH 3 – CÔNG NỢ PHẢI TRẢ NHÀ CUNG CẤP
A2: Sheet 100% công thức – KHÔNG nhập tay. Tự tổng hợp theo từng dòng PO và số tiền đã chi.
A3: Mã PO | B3: Mã dự án | C3: Tên dự án | D3: Mã NCC | E3: Tên NCC | F3: Ngày nhận hàng | G3: Giá trị PO | H3: Đã thanh toán | I3: Còn phải trả | J3: Hạn thanh toán | K3: Số ngày quá hạn | L3: Nhóm tuổi nợ | M3: Trạng thái
A4: =IF(PO!$A4="","",PO!$A4) -> PO-2026-001 | B4: =IF($A4="","",PO!$D4) -> DA-2026-01 | C4: =IF($A4="","",PO!$E4) -> Nhà máy Bao bì Tân Uyên – Giai đoạn 2 | D4: =IF($A4="","",PO!$H4) -> NCC001 | E4: =IF($A4="","",PO!$I4) -> Công ty TNHH Thép Việt An | F4: =IF($A4="","",IF(PO!$R4="","",PO!$R4)) -> 46071 | G4: =IF($A4="","",PO!$L4) -> 236000000 | H4: =IF($A4="","",SUMIFS('Thanh toán'!$H$4:$H$203,'Thanh toán'!$C$4:$C$203,$A4)) -> 180000000 | I4: =IF($A4="","",IFERROR($G4-$H4,"")) -> 56000000 | J4: =IF($A4="","",IF(PO!$AA4="","",PO!$AA4)) -> 46101 | K4: =IF($A4="","",IF($I4<=0,0,IF($J4="",0,MAX(0,TODAY()-$J4)))) -> 133 | L4: =IF($A4="","",IF($I4<=0,"Đã thanh toán",IF($K4=0,"Trong hạn",IF($K4<=30,"1-30",IF($K4<=60,"31-60",IF($K4<=90,"61-90",">90")))))) -> >90 | M4: =IF($A4="","",IF($I4<=0,"Đã thanh toán đủ",IF($K4>0,"QUÁ HẠN","Còn nợ, trong hạn"))) -> QUÁ HẠN
A5: =IF(PO!$A5="","",PO!$A5) | B5: =IF($A5="","",PO!$D5) | C5: =IF($A5="","",PO!$E5) | D5: =IF($A5="","",PO!$H5) | E5: =IF($A5="","",PO!$I5) | F5: =IF($A5="","",IF(PO!$R5="","",PO!$R5)) | G5: =IF($A5="","",PO!$L5) | H5: =IF($A5="","",SUMIFS('Thanh toán'!$H$4:$H$203,'Thanh toán'!$C$4:$C$203,$A5)) | I5: =IF($A5="","",IFERROR($G5-$H5,"")) | J5: =IF($A5="","",IF(PO!$AA5="","",PO!$AA5)) | K5: =IF($A5="","",IF($I5<=0,0,IF($J5="",0,MAX(0,TODAY()-$J5)))) | L5: =IF($A5="","",IF($I5<=0,"Đã thanh toán",IF($K5=0,"Trong hạn",IF($K5<=30,"1-30",IF($K5<=60,"31-60",IF($K5<=90,"61-90",">90")))))) | M5: =IF($A5="","",IF($I5<=0,"Đã thanh toán đủ",IF($K5>0,"QUÁ HẠN","Còn nợ, trong hạn")))
A6: =IF(PO!$A6="","",PO!$A6) | B6: =IF($A6="","",PO!$D6) | C6: =IF($A6="","",PO!$E6) | D6: =IF($A6="","",PO!$H6) | E6: =IF($A6="","",PO!$I6) | F6: =IF($A6="","",IF(PO!$R6="","",PO!$R6)) | G6: =IF($A6="","",PO!$L6) | H6: =IF($A6="","",SUMIFS('Thanh toán'!$H$4:$H$203,'Thanh toán'!$C$4:$C$203,$A6)) | I6: =IF($A6="","",IFERROR($G6-$H6,"")) | J6: =IF($A6="","",IF(PO!$AA6="","",PO!$AA6)) | K6: =IF($A6="","",IF($I6<=0,0,IF($J6="",0,MAX(0,TODAY()-$J6)))) | L6: =IF($A6="","",IF($I6<=0,"Đã thanh toán",IF($K6=0,"Trong hạn",IF($K6<=30,"1-30",IF($K6<=60,"31-60",IF($K6<=90,"61-90",">90")))))) | M6: =IF($A6="","",IF($I6<=0,"Đã thanh toán đủ",IF($K6>0,"QUÁ HẠN","Còn nợ, trong hạn")))
A7: =IF(PO!$A7="","",PO!$A7) | B7: =IF($A7="","",PO!$D7) | C7: =IF($A7="","",PO!$E7) | D7: =IF($A7="","",PO!$H7) | E7: =IF($A7="","",PO!$I7) | F7: =IF($A7="","",IF(PO!$R7="","",PO!$R7)) | G7: =IF($A7="","",PO!$L7) | H7: =IF($A7="","",SUMIFS('Thanh toán'!$H$4:$H$203,'Thanh toán'!$C$4:$C$203,$A7)) | I7: =IF($A7="","",IFERROR($G7-$H7,"")) | J7: =IF($A7="","",IF(PO!$AA7="","",PO!$AA7)) | K7: =IF($A7="","",IF($I7<=0,0,IF($J7="",0,MAX(0,TODAY()-$J7)))) | L7: =IF($A7="","",IF($I7<=0,"Đã thanh toán",IF($K7=0,"Trong hạn",IF($K7<=30,"1-30",IF($K7<=60,"31-60",IF($K7<=90,"61-90",">90")))))) | M7: =IF($A7="","",IF($I7<=0,"Đã thanh toán đủ",IF($K7>0,"QUÁ HẠN","Còn nợ, trong hạn")))
A8: =IF(PO!$A8="","",PO!$A8) | B8: =IF($A8="","",PO!$D8) | C8: =IF($A8="","",PO!$E8) | D8: =IF($A8="","",PO!$H8) | E8: =IF($A8="","",PO!$I8) | F8: =IF($A8="","",IF(PO!$R8="","",PO!$R8)) | G8: =IF($A8="","",PO!$L8) | H8: =IF($A8="","",SUMIFS('Thanh toán'!$H$4:$H$203,'Thanh toán'!$C$4:$C$203,$A8)) | I8: =IF($A8="","",IFERROR($G8-$H8,"")) | J8: =IF($A8="","",IF(PO!$AA8="","",PO!$AA8)) | K8: =IF($A8="","",IF($I8<=0,0,IF($J8="",0,MAX(0,TODAY()-$J8)))) | L8: =IF($A8="","",IF($I8<=0,"Đã thanh toán",IF($K8=0,"Trong hạn",IF($K8<=30,"1-30",IF($K8<=60,"31-60",IF($K8<=90,"61-90",">90")))))) | M8: =IF($A8="","",IF($I8<=0,"Đã thanh toán đủ",IF($K8>0,"QUÁ HẠN","Còn nợ, trong hạn")))
A9: =IF(PO!$A9="","",PO!$A9) | B9: =IF($A9="","",PO!$D9) | C9: =IF($A9="","",PO!$E9) | D9: =IF($A9="","",PO!$H9) | E9: =IF($A9="","",PO!$I9) | F9: =IF($A9="","",IF(PO!$R9="","",PO!$R9)) | G9: =IF($A9="","",PO!$L9) | H9: =IF($A9="","",SUMIFS('Thanh toán'!$H$4:$H$203,'Thanh toán'!$C$4:$C$203,$A9)) | I9: =IF($A9="","",IFERROR($G9-$H9,"")) | J9: =IF($A9="","",IF(PO!$AA9="","",PO!$AA9)) | K9: =IF($A9="","",IF($I9<=0,0,IF($J9="",0,MAX(0,TODAY()-$J9)))) | L9: =IF($A9="","",IF($I9<=0,"Đã thanh toán",IF($K9=0,"Trong hạn",IF($K9<=30,"1-30",IF($K9<=60,"31-60",IF($K9<=90,"61-90",">90")))))) | M9: =IF($A9="","",IF($I9<=0,"Đã thanh toán đủ",IF($K9>0,"QUÁ HẠN","Còn nợ, trong hạn")))
A10: =IF(PO!$A10="","",PO!$A10) | B10: =IF($A10="","",PO!$D10) | C10: =IF($A10="","",PO!$E10) | D10: =IF($A10="","",PO!$H10) | E10: =IF($A10="","",PO!$I10) | F10: =IF($A10="","",IF(PO!$R10="","",PO!$R10)) | G10: =IF($A10="","",PO!$L10) | H10: =IF($A10="","",SUMIFS('Thanh toán'!$H$4:$H$203,'Thanh toán'!$C$4:$C$203,$A10)) | I10: =IF($A10="","",IFERROR($G10-$H10,"")) | J10: =IF($A10="","",IF(PO!$AA10="","",PO!$AA10)) | K10: =IF($A10="","",IF($I10<=0,0,IF($J10="",0,MAX(0,TODAY()-$J10)))) | L10: =IF($A10="","",IF($I10<=0,"Đã thanh toán",IF($K10=0,"Trong hạn",IF($K10<=30,"1-30",IF($K10<=60,"31-60",IF($K10<=90,"61-90",">90")))))) | M10: =IF($A10="","",IF($I10<=0,"Đã thanh toán đủ",IF($K10>0,"QUÁ HẠN","Còn nợ, trong hạn")))
A11: =IF(PO!$A11="","",PO!$A11) | B11: =IF($A11="","",PO!$D11) | C11: =IF($A11="","",PO!$E11) | D11: =IF($A11="","",PO!$H11) | E11: =IF($A11="","",PO!$I11) | F11: =IF($A11="","",IF(PO!$R11="","",PO!$R11)) | G11: =IF($A11="","",PO!$L11) | H11: =IF($A11="","",SUMIFS('Thanh toán'!$H$4:$H$203,'Thanh toán'!$C$4:$C$203,$A11)) | I11: =IF($A11="","",IFERROR($G11-$H11,"")) | J11: =IF($A11="","",IF(PO!$AA11="","",PO!$AA11)) | K11: =IF($A11="","",IF($I11<=0,0,IF($J11="",0,MAX(0,TODAY()-$J11)))) | L11: =IF($A11="","",IF($I11<=0,"Đã thanh toán",IF($K11=0,"Trong hạn",IF($K11<=30,"1-30",IF($K11<=60,"31-60",IF($K11<=90,"61-90",">90")))))) | M11: =IF($A11="","",IF($I11<=0,"Đã thanh toán đủ",IF($K11>0,"QUÁ HẠN","Còn nợ, trong hạn")))
A12: =IF(PO!$A12="","",PO!$A12) | B12: =IF($A12="","",PO!$D12) | C12: =IF($A12="","",PO!$E12) | D12: =IF($A12="","",PO!$H12) | E12: =IF($A12="","",PO!$I12) | F12: =IF($A12="","",IF(PO!$R12="","",PO!$R12)) | G12: =IF($A12="","",PO!$L12) | H12: =IF($A12="","",SUMIFS('Thanh toán'!$H$4:$H$203,'Thanh toán'!$C$4:$C$203,$A12)) | I12: =IF($A12="","",IFERROR($G12-$H12,"")) | J12: =IF($A12="","",IF(PO!$AA12="","",PO!$AA12)) | K12: =IF($A12="","",IF($I12<=0,0,IF($J12="",0,MAX(0,TODAY()-$J12)))) | L12: =IF($A12="","",IF($I12<=0,"Đã thanh toán",IF($K12=0,"Trong hạn",IF($K12<=30,"1-30",IF($K12<=60,"31-60",IF($K12<=90,"61-90",">90")))))) | M12: =IF($A12="","",IF($I12<=0,"Đã thanh toán đủ",IF($K12>0,"QUÁ HẠN","Còn nợ, trong hạn")))
A13: =IF(PO!$A13="","",PO!$A13) | B13: =IF($A13="","",PO!$D13) | C13: =IF($A13="","",PO!$E13) | D13: =IF($A13="","",PO!$H13) | E13: =IF($A13="","",PO!$I13) | F13: =IF($A13="","",IF(PO!$R13="","",PO!$R13)) | G13: =IF($A13="","",PO!$L13) | H13: =IF($A13="","",SUMIFS('Thanh toán'!$H$4:$H$203,'Thanh toán'!$C$4:$C$203,$A13)) | I13: =IF($A13="","",IFERROR($G13-$H13,"")) | J13: =IF($A13="","",IF(PO!$AA13="","",PO!$AA13)) | K13: =IF($A13="","",IF($I13<=0,0,IF($J13="",0,MAX(0,TODAY()-$J13)))) | L13: =IF($A13="","",IF($I13<=0,"Đã thanh toán",IF($K13=0,"Trong hạn",IF($K13<=30,"1-30",IF($K13<=60,"31-60",IF($K13<=90,"61-90",">90")))))) | M13: =IF($A13="","",IF($I13<=0,"Đã thanh toán đủ",IF($K13>0,"QUÁ HẠN","Còn nợ, trong hạn")))
A14: =IF(PO!$A14="","",PO!$A14) | B14: =IF($A14="","",PO!$D14) | C14: =IF($A14="","",PO!$E14) | D14: =IF($A14="","",PO!$H14) | E14: =IF($A14="","",PO!$I14) | F14: =IF($A14="","",IF(PO!$R14="","",PO!$R14)) | G14: =IF($A14="","",PO!$L14) | H14: =IF($A14="","",SUMIFS('Thanh toán'!$H$4:$H$203,'Thanh toán'!$C$4:$C$203,$A14)) | I14: =IF($A14="","",IFERROR($G14-$H14,"")) | J14: =IF($A14="","",IF(PO!$AA14="","",PO!$AA14)) | K14: =IF($A14="","",IF($I14<=0,0,IF($J14="",0,MAX(0,TODAY()-$J14)))) | L14: =IF($A14="","",IF($I14<=0,"Đã thanh toán",IF($K14=0,"Trong hạn",IF($K14<=30,"1-30",IF($K14<=60,"31-60",IF($K14<=90,"61-90",">90")))))) | M14: =IF($A14="","",IF($I14<=0,"Đã thanh toán đủ",IF($K14>0,"QUÁ HẠN","Còn nợ, trong hạn")))
A15: =IF(PO!$A15="","",PO!$A15) | B15: =IF($A15="","",PO!$D15) | C15: =IF($A15="","",PO!$E15) | D15: =IF($A15="","",PO!$H15) | E15: =IF($A15="","",PO!$I15) | F15: =IF($A15="","",IF(PO!$R15="","",PO!$R15)) | G15: =IF($A15="","",PO!$L15) | H15: =IF($A15="","",SUMIFS('Thanh toán'!$H$4:$H$203,'Thanh toán'!$C$4:$C$203,$A15)) | I15: =IF($A15="","",IFERROR($G15-$H15,"")) | J15: =IF($A15="","",IF(PO!$AA15="","",PO!$AA15)) | K15: =IF($A15="","",IF($I15<=0,0,IF($J15="",0,MAX(0,TODAY()-$J15)))) | L15: =IF($A15="","",IF($I15<=0,"Đã thanh toán",IF($K15=0,"Trong hạn",IF($K15<=30,"1-30",IF($K15<=60,"31-60",IF($K15<=90,"61-90",">90")))))) | M15: =IF($A15="","",IF($I15<=0,"Đã thanh toán đủ",IF($K15>0,"QUÁ HẠN","Còn nợ, trong hạn")))
... A203: =IF(PO!$A203="","",PO!$A203) | B203: =IF($A203="","",PO!$D203) | C203: =IF($A203="","",PO!$E203) | D203: =IF($A203="","",PO!$H203) | E203: =IF($A203="","",PO!$I203) | F203: =IF($A203="","",IF(PO!$R203="","",PO!$R203)) | G203: =IF($A203="","",PO!$L203) | H203: =IF($A203="","",SUMIFS('Thanh toán'!$H$4:$H$203,'Thanh toán'!$C$4:$C$203,$A203)) | I203: =IF($A203="","",IFERROR($G203-$H203,"")) | J203: =IF($A203="","",IF(PO!$AA203="","",PO!$AA203)) | K203: =IF($A203="","",IF($I203<=0,0,IF($J203="",0,MAX(0,TODAY()-$J203)))) | L203: =IF($A203="","",IF($I203<=0,"Đã thanh toán",IF($K203=0,"Trong hạn",IF($K203<=30,"1-30",IF($K203<=60,"31-60",IF($K203<=90,"61-90",">90")))))) | M203: =IF($A203="","",IF($I203<=0,"Đã thanh toán đủ",IF($K203>0,"QUÁ HẠN","Còn nợ, trong hạn")))

Sheet Báo cáo tháng
A1: BÁO CÁO MUA HÀNG THEO THÁNG
A2: Sheet 100% công thức. Đổi năm tại ô vàng "Tổng quan"!C7 để cả bảng tự cập nhật.
A3: Tháng | B3: Từ ngày | C3: Đến ngày | D3: Số YC check giá nhận | E3: Số YC đã trả giá | F3: Số YC trả đúng hạn | G3: Tỷ lệ trả giá đúng hạn | H3: Giá trị dự toán YC | I3: Số PR | J3: Giá trị PR (dự toán) | K3: Số PO | L3: Giá trị PO phát hành | M3: Tiết kiệm đàm phán | N3: Tỷ lệ tiết kiệm | O3: Số PO đến hạn giao | P3: Số PO giao đúng hạn | Q3: Tỷ lệ giao đúng hạn | R3: Số lô đã kiểm tra CL | S3: Số lô đạt chất lượng | T3: Tỷ lệ đạt chất lượng | U3: Tiền đã chi cho NCC
A4: =ROW()-3 -> 1 | B4: =DATE('Tổng quan'!$C$7,$A4,1) -> 46023 | C4: =DATE('Tổng quan'!$C$7,$A4+1,1)-1 -> 46053 | D4: =COUNTIFS('Check giá'!$B$4:$B$203,">="&$B4,'Check giá'!$B$4:$B$203,"<="&$C4) -> 2 | E4: =COUNTIFS('Check giá'!$L$4:$L$203,">="&$B4,'Check giá'!$L$4:$L$203,"<="&$C4) -> 1 | F4: =COUNTIFS('Check giá'!$L$4:$L$203,">="&$B4,'Check giá'!$L$4:$L$203,"<="&$C4,'Check giá'!$O$4:$O$203,"Đúng hạn") -> 1 | G4: =IFERROR($F4/$E4,"") -> 1 | H4: =SUMIFS('Check giá'!$J$4:$J$203,'Check giá'!$B$4:$B$203,">="&$B4,'Check giá'!$B$4:$B$203,"<="&$C4) -> 1366000000 | I4: =COUNTIFS(PR!$B$4:$B$203,">="&$B4,PR!$B$4:$B$203,"<="&$C4) -> 1 | J4: =SUMIFS(PR!$L$4:$L$203,PR!$B$4:$B$203,">="&$B4,PR!$B$4:$B$203,"<="&$C4) -> 250000000 | K4: =COUNTIFS(PO!$B$4:$B$203,">="&$B4,PO!$B$4:$B$203,"<="&$C4) -> 1 | L4: =SUMIFS(PO!$L$4:$L$203,PO!$B$4:$B$203,">="&$B4,PO!$B$4:$B$203,"<="&$C4) -> 236000000 | M4: =SUMIFS(PO!$N$4:$N$203,PO!$B$4:$B$203,">="&$B4,PO!$B$4:$B$203,"<="&$C4) -> 14000000 | N4: =IFERROR($M4/($L4+$M4),"") -> 0.056 | O4: =COUNTIFS(PO!$Q$4:$Q$203,">="&$B4,PO!$Q$4:$Q$203,"<="&$C4) -> 0 | P4: =COUNTIFS(PO!$Q$4:$Q$203,">="&$B4,PO!$Q$4:$Q$203,"<="&$C4,PO!$S$4:$S$203,"Đúng hạn") -> 0 | Q4: =IFERROR($P4/$O4,"") | R4: =COUNTIFS(PO!$R$4:$R$203,">="&$B4,PO!$R$4:$R$203,"<="&$C4,PO!$Y$4:$Y$203,"Đạt")+COUNTIFS(PO!$R$4:$R$203,">="&$B4,PO!$R$4:$R$203,"<="&$C4,PO!$Y$4:$Y$203,"Không đạt") -> 0 | S4: =COUNTIFS(PO!$R$4:$R$203,">="&$B4,PO!$R$4:$R$203,"<="&$C4,PO!$Y$4:$Y$203,"Đạt") -> 0 | T4: =IFERROR($S4/$R4,"") | U4: =SUMIFS('Thanh toán'!$H$4:$H$203,'Thanh toán'!$B$4:$B$203,">="&$B4,'Thanh toán'!$B$4:$B$203,"<="&$C4) -> 0
A5: =ROW()-3 -> 2 | B5: =DATE('Tổng quan'!$C$7,$A5,1) -> 46054 | C5: =DATE('Tổng quan'!$C$7,$A5+1,1)-1 -> 46081 | D5: =COUNTIFS('Check giá'!$B$4:$B$203,">="&$B5,'Check giá'!$B$4:$B$203,"<="&$C5) -> 0 | E5: =COUNTIFS('Check giá'!$L$4:$L$203,">="&$B5,'Check giá'!$L$4:$L$203,"<="&$C5) -> 0 | F5: =COUNTIFS('Check giá'!$L$4:$L$203,">="&$B5,'Check giá'!$L$4:$L$203,"<="&$C5,'Check giá'!$O$4:$O$203,"Đúng hạn") -> 0 | G5: =IFERROR($F5/$E5,"") | H5: =SUMIFS('Check giá'!$J$4:$J$203,'Check giá'!$B$4:$B$203,">="&$B5,'Check giá'!$B$4:$B$203,"<="&$C5) -> 0 | I5: =COUNTIFS(PR!$B$4:$B$203,">="&$B5,PR!$B$4:$B$203,"<="&$C5) -> 0 | J5: =SUMIFS(PR!$L$4:$L$203,PR!$B$4:$B$203,">="&$B5,PR!$B$4:$B$203,"<="&$C5) -> 0 | K5: =COUNTIFS(PO!$B$4:$B$203,">="&$B5,PO!$B$4:$B$203,"<="&$C5) -> 0 | L5: =SUMIFS(PO!$L$4:$L$203,PO!$B$4:$B$203,">="&$B5,PO!$B$4:$B$203,"<="&$C5) -> 0 | M5: =SUMIFS(PO!$N$4:$N$203,PO!$B$4:$B$203,">="&$B5,PO!$B$4:$B$203,"<="&$C5) -> 0 | N5: =IFERROR($M5/($L5+$M5),"") | O5: =COUNTIFS(PO!$Q$4:$Q$203,">="&$B5,PO!$Q$4:$Q$203,"<="&$C5) -> 1 | P5: =COUNTIFS(PO!$Q$4:$Q$203,">="&$B5,PO!$Q$4:$Q$203,"<="&$C5,PO!$S$4:$S$203,"Đúng hạn") -> 0 | Q5: =IFERROR($P5/$O5,"") -> 0 | R5: =COUNTIFS(PO!$R$4:$R$203,">="&$B5,PO!$R$4:$R$203,"<="&$C5,PO!$Y$4:$Y$203,"Đạt")+COUNTIFS(PO!$R$4:$R$203,">="&$B5,PO!$R$4:$R$203,"<="&$C5,PO!$Y$4:$Y$203,"Không đạt") -> 1 | S5: =COUNTIFS(PO!$R$4:$R$203,">="&$B5,PO!$R$4:$R$203,"<="&$C5,PO!$Y$4:$Y$203,"Đạt") -> 1 | T5: =IFERROR($S5/$R5,"") -> 1 | U5: =SUMIFS('Thanh toán'!$H$4:$H$203,'Thanh toán'!$B$4:$B$203,">="&$B5,'Thanh toán'!$B$4:$B$203,"<="&$C5) -> 100000000
A6: =ROW()-3 -> 3 | B6: =DATE('Tổng quan'!$C$7,$A6,1) -> 46082 | C6: =DATE('Tổng quan'!$C$7,$A6+1,1)-1 -> 46112 | D6: =COUNTIFS('Check giá'!$B$4:$B$203,">="&$B6,'Check giá'!$B$4:$B$203,"<="&$C6) -> 0 | E6: =COUNTIFS('Check giá'!$L$4:$L$203,">="&$B6,'Check giá'!$L$4:$L$203,"<="&$C6) -> 0 | F6: =COUNTIFS('Check giá'!$L$4:$L$203,">="&$B6,'Check giá'!$L$4:$L$203,"<="&$C6,'Check giá'!$O$4:$O$203,"Đúng hạn") -> 0 | G6: =IFERROR($F6/$E6,"") | H6: =SUMIFS('Check giá'!$J$4:$J$203,'Check giá'!$B$4:$B$203,">="&$B6,'Check giá'!$B$4:$B$203,"<="&$C6) -> 0 | I6: =COUNTIFS(PR!$B$4:$B$203,">="&$B6,PR!$B$4:$B$203,"<="&$C6) -> 0 | J6: =SUMIFS(PR!$L$4:$L$203,PR!$B$4:$B$203,">="&$B6,PR!$B$4:$B$203,"<="&$C6) -> 0 | K6: =COUNTIFS(PO!$B$4:$B$203,">="&$B6,PO!$B$4:$B$203,"<="&$C6) -> 0 | L6: =SUMIFS(PO!$L$4:$L$203,PO!$B$4:$B$203,">="&$B6,PO!$B$4:$B$203,"<="&$C6) -> 0 | M6: =SUMIFS(PO!$N$4:$N$203,PO!$B$4:$B$203,">="&$B6,PO!$B$4:$B$203,"<="&$C6) -> 0 | N6: =IFERROR($M6/($L6+$M6),"") | O6: =COUNTIFS(PO!$Q$4:$Q$203,">="&$B6,PO!$Q$4:$Q$203,"<="&$C6) -> 0 | P6: =COUNTIFS(PO!$Q$4:$Q$203,">="&$B6,PO!$Q$4:$Q$203,"<="&$C6,PO!$S$4:$S$203,"Đúng hạn") -> 0 | Q6: =IFERROR($P6/$O6,"") | R6: =COUNTIFS(PO!$R$4:$R$203,">="&$B6,PO!$R$4:$R$203,"<="&$C6,PO!$Y$4:$Y$203,"Đạt")+COUNTIFS(PO!$R$4:$R$203,">="&$B6,PO!$R$4:$R$203,"<="&$C6,PO!$Y$4:$Y$203,"Không đạt") -> 0 | S6: =COUNTIFS(PO!$R$4:$R$203,">="&$B6,PO!$R$4:$R$203,"<="&$C6,PO!$Y$4:$Y$203,"Đạt") -> 0 | T6: =IFERROR($S6/$R6,"") | U6: =SUMIFS('Thanh toán'!$H$4:$H$203,'Thanh toán'!$B$4:$B$203,">="&$B6,'Thanh toán'!$B$4:$B$203,"<="&$C6) -> 80000000
A7: =ROW()-3 -> 4 | B7: =DATE('Tổng quan'!$C$7,$A7,1) -> 46113 | C7: =DATE('Tổng quan'!$C$7,$A7+1,1)-1 -> 46142 | D7: =COUNTIFS('Check giá'!$B$4:$B$203,">="&$B7,'Check giá'!$B$4:$B$203,"<="&$C7) -> 0 | E7: =COUNTIFS('Check giá'!$L$4:$L$203,">="&$B7,'Check giá'!$L$4:$L$203,"<="&$C7) -> 0 | F7: =COUNTIFS('Check giá'!$L$4:$L$203,">="&$B7,'Check giá'!$L$4:$L$203,"<="&$C7,'Check giá'!$O$4:$O$203,"Đúng hạn") -> 0 | G7: =IFERROR($F7/$E7,"") | H7: =SUMIFS('Check giá'!$J$4:$J$203,'Check giá'!$B$4:$B$203,">="&$B7,'Check giá'!$B$4:$B$203,"<="&$C7) -> 0 | I7: =COUNTIFS(PR!$B$4:$B$203,">="&$B7,PR!$B$4:$B$203,"<="&$C7) -> 0 | J7: =SUMIFS(PR!$L$4:$L$203,PR!$B$4:$B$203,">="&$B7,PR!$B$4:$B$203,"<="&$C7) -> 0 | K7: =COUNTIFS(PO!$B$4:$B$203,">="&$B7,PO!$B$4:$B$203,"<="&$C7) -> 0 | L7: =SUMIFS(PO!$L$4:$L$203,PO!$B$4:$B$203,">="&$B7,PO!$B$4:$B$203,"<="&$C7) -> 0 | M7: =SUMIFS(PO!$N$4:$N$203,PO!$B$4:$B$203,">="&$B7,PO!$B$4:$B$203,"<="&$C7) -> 0 | N7: =IFERROR($M7/($L7+$M7),"") | O7: =COUNTIFS(PO!$Q$4:$Q$203,">="&$B7,PO!$Q$4:$Q$203,"<="&$C7) -> 0 | P7: =COUNTIFS(PO!$Q$4:$Q$203,">="&$B7,PO!$Q$4:$Q$203,"<="&$C7,PO!$S$4:$S$203,"Đúng hạn") -> 0 | Q7: =IFERROR($P7/$O7,"") | R7: =COUNTIFS(PO!$R$4:$R$203,">="&$B7,PO!$R$4:$R$203,"<="&$C7,PO!$Y$4:$Y$203,"Đạt")+COUNTIFS(PO!$R$4:$R$203,">="&$B7,PO!$R$4:$R$203,"<="&$C7,PO!$Y$4:$Y$203,"Không đạt") -> 0 | S7: =COUNTIFS(PO!$R$4:$R$203,">="&$B7,PO!$R$4:$R$203,"<="&$C7,PO!$Y$4:$Y$203,"Đạt") -> 0 | T7: =IFERROR($S7/$R7,"") | U7: =SUMIFS('Thanh toán'!$H$4:$H$203,'Thanh toán'!$B$4:$B$203,">="&$B7,'Thanh toán'!$B$4:$B$203,"<="&$C7) -> 0
A8: =ROW()-3 -> 5 | B8: =DATE('Tổng quan'!$C$7,$A8,1) -> 46143 | C8: =DATE('Tổng quan'!$C$7,$A8+1,1)-1 -> 46173 | D8: =COUNTIFS('Check giá'!$B$4:$B$203,">="&$B8,'Check giá'!$B$4:$B$203,"<="&$C8) -> 0 | E8: =COUNTIFS('Check giá'!$L$4:$L$203,">="&$B8,'Check giá'!$L$4:$L$203,"<="&$C8) -> 0 | F8: =COUNTIFS('Check giá'!$L$4:$L$203,">="&$B8,'Check giá'!$L$4:$L$203,"<="&$C8,'Check giá'!$O$4:$O$203,"Đúng hạn") -> 0 | G8: =IFERROR($F8/$E8,"") | H8: =SUMIFS('Check giá'!$J$4:$J$203,'Check giá'!$B$4:$B$203,">="&$B8,'Check giá'!$B$4:$B$203,"<="&$C8) -> 0 | I8: =COUNTIFS(PR!$B$4:$B$203,">="&$B8,PR!$B$4:$B$203,"<="&$C8) -> 0 | J8: =SUMIFS(PR!$L$4:$L$203,PR!$B$4:$B$203,">="&$B8,PR!$B$4:$B$203,"<="&$C8) -> 0 | K8: =COUNTIFS(PO!$B$4:$B$203,">="&$B8,PO!$B$4:$B$203,"<="&$C8) -> 0 | L8: =SUMIFS(PO!$L$4:$L$203,PO!$B$4:$B$203,">="&$B8,PO!$B$4:$B$203,"<="&$C8) -> 0 | M8: =SUMIFS(PO!$N$4:$N$203,PO!$B$4:$B$203,">="&$B8,PO!$B$4:$B$203,"<="&$C8) -> 0 | N8: =IFERROR($M8/($L8+$M8),"") | O8: =COUNTIFS(PO!$Q$4:$Q$203,">="&$B8,PO!$Q$4:$Q$203,"<="&$C8) -> 0 | P8: =COUNTIFS(PO!$Q$4:$Q$203,">="&$B8,PO!$Q$4:$Q$203,"<="&$C8,PO!$S$4:$S$203,"Đúng hạn") -> 0 | Q8: =IFERROR($P8/$O8,"") | R8: =COUNTIFS(PO!$R$4:$R$203,">="&$B8,PO!$R$4:$R$203,"<="&$C8,PO!$Y$4:$Y$203,"Đạt")+COUNTIFS(PO!$R$4:$R$203,">="&$B8,PO!$R$4:$R$203,"<="&$C8,PO!$Y$4:$Y$203,"Không đạt") -> 0 | S8: =COUNTIFS(PO!$R$4:$R$203,">="&$B8,PO!$R$4:$R$203,"<="&$C8,PO!$Y$4:$Y$203,"Đạt") -> 0 | T8: =IFERROR($S8/$R8,"") | U8: =SUMIFS('Thanh toán'!$H$4:$H$203,'Thanh toán'!$B$4:$B$203,">="&$B8,'Thanh toán'!$B$4:$B$203,"<="&$C8) -> 0
A9: =ROW()-3 -> 6 | B9: =DATE('Tổng quan'!$C$7,$A9,1) -> 46174 | C9: =DATE('Tổng quan'!$C$7,$A9+1,1)-1 -> 46203 | D9: =COUNTIFS('Check giá'!$B$4:$B$203,">="&$B9,'Check giá'!$B$4:$B$203,"<="&$C9) -> 0 | E9: =COUNTIFS('Check giá'!$L$4:$L$203,">="&$B9,'Check giá'!$L$4:$L$203,"<="&$C9) -> 0 | F9: =COUNTIFS('Check giá'!$L$4:$L$203,">="&$B9,'Check giá'!$L$4:$L$203,"<="&$C9,'Check giá'!$O$4:$O$203,"Đúng hạn") -> 0 | G9: =IFERROR($F9/$E9,"") | H9: =SUMIFS('Check giá'!$J$4:$J$203,'Check giá'!$B$4:$B$203,">="&$B9,'Check giá'!$B$4:$B$203,"<="&$C9) -> 0 | I9: =COUNTIFS(PR!$B$4:$B$203,">="&$B9,PR!$B$4:$B$203,"<="&$C9) -> 0 | J9: =SUMIFS(PR!$L$4:$L$203,PR!$B$4:$B$203,">="&$B9,PR!$B$4:$B$203,"<="&$C9) -> 0 | K9: =COUNTIFS(PO!$B$4:$B$203,">="&$B9,PO!$B$4:$B$203,"<="&$C9) -> 0 | L9: =SUMIFS(PO!$L$4:$L$203,PO!$B$4:$B$203,">="&$B9,PO!$B$4:$B$203,"<="&$C9) -> 0 | M9: =SUMIFS(PO!$N$4:$N$203,PO!$B$4:$B$203,">="&$B9,PO!$B$4:$B$203,"<="&$C9) -> 0 | N9: =IFERROR($M9/($L9+$M9),"") | O9: =COUNTIFS(PO!$Q$4:$Q$203,">="&$B9,PO!$Q$4:$Q$203,"<="&$C9) -> 0 | P9: =COUNTIFS(PO!$Q$4:$Q$203,">="&$B9,PO!$Q$4:$Q$203,"<="&$C9,PO!$S$4:$S$203,"Đúng hạn") -> 0 | Q9: =IFERROR($P9/$O9,"") | R9: =COUNTIFS(PO!$R$4:$R$203,">="&$B9,PO!$R$4:$R$203,"<="&$C9,PO!$Y$4:$Y$203,"Đạt")+COUNTIFS(PO!$R$4:$R$203,">="&$B9,PO!$R$4:$R$203,"<="&$C9,PO!$Y$4:$Y$203,"Không đạt") -> 0 | S9: =COUNTIFS(PO!$R$4:$R$203,">="&$B9,PO!$R$4:$R$203,"<="&$C9,PO!$Y$4:$Y$203,"Đạt") -> 0 | T9: =IFERROR($S9/$R9,"") | U9: =SUMIFS('Thanh toán'!$H$4:$H$203,'Thanh toán'!$B$4:$B$203,">="&$B9,'Thanh toán'!$B$4:$B$203,"<="&$C9) -> 0
A10: =ROW()-3 -> 7 | B10: =DATE('Tổng quan'!$C$7,$A10,1) -> 46204 | C10: =DATE('Tổng quan'!$C$7,$A10+1,1)-1 -> 46234 | D10: =COUNTIFS('Check giá'!$B$4:$B$203,">="&$B10,'Check giá'!$B$4:$B$203,"<="&$C10) -> 0 | E10: =COUNTIFS('Check giá'!$L$4:$L$203,">="&$B10,'Check giá'!$L$4:$L$203,"<="&$C10) -> 0 | F10: =COUNTIFS('Check giá'!$L$4:$L$203,">="&$B10,'Check giá'!$L$4:$L$203,"<="&$C10,'Check giá'!$O$4:$O$203,"Đúng hạn") -> 0 | G10: =IFERROR($F10/$E10,"") | H10: =SUMIFS('Check giá'!$J$4:$J$203,'Check giá'!$B$4:$B$203,">="&$B10,'Check giá'!$B$4:$B$203,"<="&$C10) -> 0 | I10: =COUNTIFS(PR!$B$4:$B$203,">="&$B10,PR!$B$4:$B$203,"<="&$C10) -> 0 | J10: =SUMIFS(PR!$L$4:$L$203,PR!$B$4:$B$203,">="&$B10,PR!$B$4:$B$203,"<="&$C10) -> 0 | K10: =COUNTIFS(PO!$B$4:$B$203,">="&$B10,PO!$B$4:$B$203,"<="&$C10) -> 0 | L10: =SUMIFS(PO!$L$4:$L$203,PO!$B$4:$B$203,">="&$B10,PO!$B$4:$B$203,"<="&$C10) -> 0 | M10: =SUMIFS(PO!$N$4:$N$203,PO!$B$4:$B$203,">="&$B10,PO!$B$4:$B$203,"<="&$C10) -> 0 | N10: =IFERROR($M10/($L10+$M10),"") | O10: =COUNTIFS(PO!$Q$4:$Q$203,">="&$B10,PO!$Q$4:$Q$203,"<="&$C10) -> 0 | P10: =COUNTIFS(PO!$Q$4:$Q$203,">="&$B10,PO!$Q$4:$Q$203,"<="&$C10,PO!$S$4:$S$203,"Đúng hạn") -> 0 | Q10: =IFERROR($P10/$O10,"") | R10: =COUNTIFS(PO!$R$4:$R$203,">="&$B10,PO!$R$4:$R$203,"<="&$C10,PO!$Y$4:$Y$203,"Đạt")+COUNTIFS(PO!$R$4:$R$203,">="&$B10,PO!$R$4:$R$203,"<="&$C10,PO!$Y$4:$Y$203,"Không đạt") -> 0 | S10: =COUNTIFS(PO!$R$4:$R$203,">="&$B10,PO!$R$4:$R$203,"<="&$C10,PO!$Y$4:$Y$203,"Đạt") -> 0 | T10: =IFERROR($S10/$R10,"") | U10: =SUMIFS('Thanh toán'!$H$4:$H$203,'Thanh toán'!$B$4:$B$203,">="&$B10,'Thanh toán'!$B$4:$B$203,"<="&$C10) -> 0
A11: =ROW()-3 -> 8 | B11: =DATE('Tổng quan'!$C$7,$A11,1) -> 46235 | C11: =DATE('Tổng quan'!$C$7,$A11+1,1)-1 -> 46265 | D11: =COUNTIFS('Check giá'!$B$4:$B$203,">="&$B11,'Check giá'!$B$4:$B$203,"<="&$C11) -> 0 | E11: =COUNTIFS('Check giá'!$L$4:$L$203,">="&$B11,'Check giá'!$L$4:$L$203,"<="&$C11) -> 0 | F11: =COUNTIFS('Check giá'!$L$4:$L$203,">="&$B11,'Check giá'!$L$4:$L$203,"<="&$C11,'Check giá'!$O$4:$O$203,"Đúng hạn") -> 0 | G11: =IFERROR($F11/$E11,"") | H11: =SUMIFS('Check giá'!$J$4:$J$203,'Check giá'!$B$4:$B$203,">="&$B11,'Check giá'!$B$4:$B$203,"<="&$C11) -> 0 | I11: =COUNTIFS(PR!$B$4:$B$203,">="&$B11,PR!$B$4:$B$203,"<="&$C11) -> 0 | J11: =SUMIFS(PR!$L$4:$L$203,PR!$B$4:$B$203,">="&$B11,PR!$B$4:$B$203,"<="&$C11) -> 0 | K11: =COUNTIFS(PO!$B$4:$B$203,">="&$B11,PO!$B$4:$B$203,"<="&$C11) -> 0 | L11: =SUMIFS(PO!$L$4:$L$203,PO!$B$4:$B$203,">="&$B11,PO!$B$4:$B$203,"<="&$C11) -> 0 | M11: =SUMIFS(PO!$N$4:$N$203,PO!$B$4:$B$203,">="&$B11,PO!$B$4:$B$203,"<="&$C11) -> 0 | N11: =IFERROR($M11/($L11+$M11),"") | O11: =COUNTIFS(PO!$Q$4:$Q$203,">="&$B11,PO!$Q$4:$Q$203,"<="&$C11) -> 0 | P11: =COUNTIFS(PO!$Q$4:$Q$203,">="&$B11,PO!$Q$4:$Q$203,"<="&$C11,PO!$S$4:$S$203,"Đúng hạn") -> 0 | Q11: =IFERROR($P11/$O11,"") | R11: =COUNTIFS(PO!$R$4:$R$203,">="&$B11,PO!$R$4:$R$203,"<="&$C11,PO!$Y$4:$Y$203,"Đạt")+COUNTIFS(PO!$R$4:$R$203,">="&$B11,PO!$R$4:$R$203,"<="&$C11,PO!$Y$4:$Y$203,"Không đạt") -> 0 | S11: =COUNTIFS(PO!$R$4:$R$203,">="&$B11,PO!$R$4:$R$203,"<="&$C11,PO!$Y$4:$Y$203,"Đạt") -> 0 | T11: =IFERROR($S11/$R11,"") | U11: =SUMIFS('Thanh toán'!$H$4:$H$203,'Thanh toán'!$B$4:$B$203,">="&$B11,'Thanh toán'!$B$4:$B$203,"<="&$C11) -> 0
A12: =ROW()-3 -> 9 | B12: =DATE('Tổng quan'!$C$7,$A12,1) -> 46266 | C12: =DATE('Tổng quan'!$C$7,$A12+1,1)-1 -> 46295 | D12: =COUNTIFS('Check giá'!$B$4:$B$203,">="&$B12,'Check giá'!$B$4:$B$203,"<="&$C12) -> 0 | E12: =COUNTIFS('Check giá'!$L$4:$L$203,">="&$B12,'Check giá'!$L$4:$L$203,"<="&$C12) -> 0 | F12: =COUNTIFS('Check giá'!$L$4:$L$203,">="&$B12,'Check giá'!$L$4:$L$203,"<="&$C12,'Check giá'!$O$4:$O$203,"Đúng hạn") -> 0 | G12: =IFERROR($F12/$E12,"") | H12: =SUMIFS('Check giá'!$J$4:$J$203,'Check giá'!$B$4:$B$203,">="&$B12,'Check giá'!$B$4:$B$203,"<="&$C12) -> 0 | I12: =COUNTIFS(PR!$B$4:$B$203,">="&$B12,PR!$B$4:$B$203,"<="&$C12) -> 0 | J12: =SUMIFS(PR!$L$4:$L$203,PR!$B$4:$B$203,">="&$B12,PR!$B$4:$B$203,"<="&$C12) -> 0 | K12: =COUNTIFS(PO!$B$4:$B$203,">="&$B12,PO!$B$4:$B$203,"<="&$C12) -> 0 | L12: =SUMIFS(PO!$L$4:$L$203,PO!$B$4:$B$203,">="&$B12,PO!$B$4:$B$203,"<="&$C12) -> 0 | M12: =SUMIFS(PO!$N$4:$N$203,PO!$B$4:$B$203,">="&$B12,PO!$B$4:$B$203,"<="&$C12) -> 0 | N12: =IFERROR($M12/($L12+$M12),"") | O12: =COUNTIFS(PO!$Q$4:$Q$203,">="&$B12,PO!$Q$4:$Q$203,"<="&$C12) -> 0 | P12: =COUNTIFS(PO!$Q$4:$Q$203,">="&$B12,PO!$Q$4:$Q$203,"<="&$C12,PO!$S$4:$S$203,"Đúng hạn") -> 0 | Q12: =IFERROR($P12/$O12,"") | R12: =COUNTIFS(PO!$R$4:$R$203,">="&$B12,PO!$R$4:$R$203,"<="&$C12,PO!$Y$4:$Y$203,"Đạt")+COUNTIFS(PO!$R$4:$R$203,">="&$B12,PO!$R$4:$R$203,"<="&$C12,PO!$Y$4:$Y$203,"Không đạt") -> 0 | S12: =COUNTIFS(PO!$R$4:$R$203,">="&$B12,PO!$R$4:$R$203,"<="&$C12,PO!$Y$4:$Y$203,"Đạt") -> 0 | T12: =IFERROR($S12/$R12,"") | U12: =SUMIFS('Thanh toán'!$H$4:$H$203,'Thanh toán'!$B$4:$B$203,">="&$B12,'Thanh toán'!$B$4:$B$203,"<="&$C12) -> 0
A13: =ROW()-3 -> 10 | B13: =DATE('Tổng quan'!$C$7,$A13,1) -> 46296 | C13: =DATE('Tổng quan'!$C$7,$A13+1,1)-1 -> 46326 | D13: =COUNTIFS('Check giá'!$B$4:$B$203,">="&$B13,'Check giá'!$B$4:$B$203,"<="&$C13) -> 0 | E13: =COUNTIFS('Check giá'!$L$4:$L$203,">="&$B13,'Check giá'!$L$4:$L$203,"<="&$C13) -> 0 | F13: =COUNTIFS('Check giá'!$L$4:$L$203,">="&$B13,'Check giá'!$L$4:$L$203,"<="&$C13,'Check giá'!$O$4:$O$203,"Đúng hạn") -> 0 | G13: =IFERROR($F13/$E13,"") | H13: =SUMIFS('Check giá'!$J$4:$J$203,'Check giá'!$B$4:$B$203,">="&$B13,'Check giá'!$B$4:$B$203,"<="&$C13) -> 0 | I13: =COUNTIFS(PR!$B$4:$B$203,">="&$B13,PR!$B$4:$B$203,"<="&$C13) -> 0 | J13: =SUMIFS(PR!$L$4:$L$203,PR!$B$4:$B$203,">="&$B13,PR!$B$4:$B$203,"<="&$C13) -> 0 | K13: =COUNTIFS(PO!$B$4:$B$203,">="&$B13,PO!$B$4:$B$203,"<="&$C13) -> 0 | L13: =SUMIFS(PO!$L$4:$L$203,PO!$B$4:$B$203,">="&$B13,PO!$B$4:$B$203,"<="&$C13) -> 0 | M13: =SUMIFS(PO!$N$4:$N$203,PO!$B$4:$B$203,">="&$B13,PO!$B$4:$B$203,"<="&$C13) -> 0 | N13: =IFERROR($M13/($L13+$M13),"") | O13: =COUNTIFS(PO!$Q$4:$Q$203,">="&$B13,PO!$Q$4:$Q$203,"<="&$C13) -> 0 | P13: =COUNTIFS(PO!$Q$4:$Q$203,">="&$B13,PO!$Q$4:$Q$203,"<="&$C13,PO!$S$4:$S$203,"Đúng hạn") -> 0 | Q13: =IFERROR($P13/$O13,"") | R13: =COUNTIFS(PO!$R$4:$R$203,">="&$B13,PO!$R$4:$R$203,"<="&$C13,PO!$Y$4:$Y$203,"Đạt")+COUNTIFS(PO!$R$4:$R$203,">="&$B13,PO!$R$4:$R$203,"<="&$C13,PO!$Y$4:$Y$203,"Không đạt") -> 0 | S13: =COUNTIFS(PO!$R$4:$R$203,">="&$B13,PO!$R$4:$R$203,"<="&$C13,PO!$Y$4:$Y$203,"Đạt") -> 0 | T13: =IFERROR($S13/$R13,"") | U13: =SUMIFS('Thanh toán'!$H$4:$H$203,'Thanh toán'!$B$4:$B$203,">="&$B13,'Thanh toán'!$B$4:$B$203,"<="&$C13) -> 0
A14: =ROW()-3 -> 11 | B14: =DATE('Tổng quan'!$C$7,$A14,1) -> 46327 | C14: =DATE('Tổng quan'!$C$7,$A14+1,1)-1 -> 46356 | D14: =COUNTIFS('Check giá'!$B$4:$B$203,">="&$B14,'Check giá'!$B$4:$B$203,"<="&$C14) -> 0 | E14: =COUNTIFS('Check giá'!$L$4:$L$203,">="&$B14,'Check giá'!$L$4:$L$203,"<="&$C14) -> 0 | F14: =COUNTIFS('Check giá'!$L$4:$L$203,">="&$B14,'Check giá'!$L$4:$L$203,"<="&$C14,'Check giá'!$O$4:$O$203,"Đúng hạn") -> 0 | G14: =IFERROR($F14/$E14,"") | H14: =SUMIFS('Check giá'!$J$4:$J$203,'Check giá'!$B$4:$B$203,">="&$B14,'Check giá'!$B$4:$B$203,"<="&$C14) -> 0 | I14: =COUNTIFS(PR!$B$4:$B$203,">="&$B14,PR!$B$4:$B$203,"<="&$C14) -> 0 | J14: =SUMIFS(PR!$L$4:$L$203,PR!$B$4:$B$203,">="&$B14,PR!$B$4:$B$203,"<="&$C14) -> 0 | K14: =COUNTIFS(PO!$B$4:$B$203,">="&$B14,PO!$B$4:$B$203,"<="&$C14) -> 0 | L14: =SUMIFS(PO!$L$4:$L$203,PO!$B$4:$B$203,">="&$B14,PO!$B$4:$B$203,"<="&$C14) -> 0 | M14: =SUMIFS(PO!$N$4:$N$203,PO!$B$4:$B$203,">="&$B14,PO!$B$4:$B$203,"<="&$C14) -> 0 | N14: =IFERROR($M14/($L14+$M14),"") | O14: =COUNTIFS(PO!$Q$4:$Q$203,">="&$B14,PO!$Q$4:$Q$203,"<="&$C14) -> 0 | P14: =COUNTIFS(PO!$Q$4:$Q$203,">="&$B14,PO!$Q$4:$Q$203,"<="&$C14,PO!$S$4:$S$203,"Đúng hạn") -> 0 | Q14: =IFERROR($P14/$O14,"") | R14: =COUNTIFS(PO!$R$4:$R$203,">="&$B14,PO!$R$4:$R$203,"<="&$C14,PO!$Y$4:$Y$203,"Đạt")+COUNTIFS(PO!$R$4:$R$203,">="&$B14,PO!$R$4:$R$203,"<="&$C14,PO!$Y$4:$Y$203,"Không đạt") -> 0 | S14: =COUNTIFS(PO!$R$4:$R$203,">="&$B14,PO!$R$4:$R$203,"<="&$C14,PO!$Y$4:$Y$203,"Đạt") -> 0 | T14: =IFERROR($S14/$R14,"") | U14: =SUMIFS('Thanh toán'!$H$4:$H$203,'Thanh toán'!$B$4:$B$203,">="&$B14,'Thanh toán'!$B$4:$B$203,"<="&$C14) -> 0
A15: =ROW()-3 -> 12 | B15: =DATE('Tổng quan'!$C$7,$A15,1) -> 46357 | C15: =DATE('Tổng quan'!$C$7,$A15+1,1)-1 -> 46387 | D15: =COUNTIFS('Check giá'!$B$4:$B$203,">="&$B15,'Check giá'!$B$4:$B$203,"<="&$C15) -> 0 | E15: =COUNTIFS('Check giá'!$L$4:$L$203,">="&$B15,'Check giá'!$L$4:$L$203,"<="&$C15) -> 0 | F15: =COUNTIFS('Check giá'!$L$4:$L$203,">="&$B15,'Check giá'!$L$4:$L$203,"<="&$C15,'Check giá'!$O$4:$O$203,"Đúng hạn") -> 0 | G15: =IFERROR($F15/$E15,"") | H15: =SUMIFS('Check giá'!$J$4:$J$203,'Check giá'!$B$4:$B$203,">="&$B15,'Check giá'!$B$4:$B$203,"<="&$C15) -> 0 | I15: =COUNTIFS(PR!$B$4:$B$203,">="&$B15,PR!$B$4:$B$203,"<="&$C15) -> 0 | J15: =SUMIFS(PR!$L$4:$L$203,PR!$B$4:$B$203,">="&$B15,PR!$B$4:$B$203,"<="&$C15) -> 0 | K15: =COUNTIFS(PO!$B$4:$B$203,">="&$B15,PO!$B$4:$B$203,"<="&$C15) -> 0 | L15: =SUMIFS(PO!$L$4:$L$203,PO!$B$4:$B$203,">="&$B15,PO!$B$4:$B$203,"<="&$C15) -> 0 | M15: =SUMIFS(PO!$N$4:$N$203,PO!$B$4:$B$203,">="&$B15,PO!$B$4:$B$203,"<="&$C15) -> 0 | N15: =IFERROR($M15/($L15+$M15),"") | O15: =COUNTIFS(PO!$Q$4:$Q$203,">="&$B15,PO!$Q$4:$Q$203,"<="&$C15) -> 0 | P15: =COUNTIFS(PO!$Q$4:$Q$203,">="&$B15,PO!$Q$4:$Q$203,"<="&$C15,PO!$S$4:$S$203,"Đúng hạn") -> 0 | Q15: =IFERROR($P15/$O15,"") | R15: =COUNTIFS(PO!$R$4:$R$203,">="&$B15,PO!$R$4:$R$203,"<="&$C15,PO!$Y$4:$Y$203,"Đạt")+COUNTIFS(PO!$R$4:$R$203,">="&$B15,PO!$R$4:$R$203,"<="&$C15,PO!$Y$4:$Y$203,"Không đạt") -> 0 | S15: =COUNTIFS(PO!$R$4:$R$203,">="&$B15,PO!$R$4:$R$203,"<="&$C15,PO!$Y$4:$Y$203,"Đạt") -> 0 | T15: =IFERROR($S15/$R15,"") | U15: =SUMIFS('Thanh toán'!$H$4:$H$203,'Thanh toán'!$B$4:$B$203,">="&$B15,'Thanh toán'!$B$4:$B$203,"<="&$C15) -> 0
A16: TỔNG | D16: =SUM(D4:D15) -> 2 | E16: =SUM(E4:E15) -> 1 | F16: =SUM(F4:F15) -> 1 | G16: =IFERROR($F16/$E16,"") -> 1 | H16: =SUM(H4:H15) -> 1366000000 | I16: =SUM(I4:I15) -> 1 | J16: =SUM(J4:J15) -> 250000000 | K16: =SUM(K4:K15) -> 1 | L16: =SUM(L4:L15) -> 236000000 | M16: =SUM(M4:M15) -> 14000000 | N16: =IFERROR($M16/($L16+$M16),"") -> 0.056 | O16: =SUM(O4:O15) -> 1 | P16: =SUM(P4:P15) -> 0 | Q16: =IFERROR($P16/$O16,"") -> 0 | R16: =SUM(R4:R15) -> 1 | S16: =SUM(S4:S15) -> 1 | T16: =IFERROR($S16/$R16,"") -> 1 | U16: =SUM(U4:U15) -> 180000000

Sheet Thống kê NCC
A1: THỐNG KÊ THEO NHÀ CUNG CẤP
A2: Sheet 100% công thức – tự tổng hợp theo danh mục "Nhà cung cấp".
A3: Mã NCC | B3: Tên NCC | C3: Đánh giá | D3: Số báo giá tham gia | E3: Số báo giá trúng | F3: Tỷ lệ trúng thầu | G3: Số PO | H3: Giá trị mua (PO) | I3: Tiết kiệm mang lại | J3: Số PO đến hạn giao | K3: Số PO giao đúng hạn | L3: Tỷ lệ giao đúng hạn | M3: SL nhận | N3: SL hàng lỗi | O3: Tỷ lệ hàng lỗi | P3: Đã thanh toán | Q3: Công nợ còn phải trả | R3: Trong đó nợ quá hạn
A4: =IF('Nhà cung cấp'!$A4="","",'Nhà cung cấp'!$A4) -> NCC001 | B4: =IF($A4="","",'Nhà cung cấp'!$B4) -> Công ty TNHH Thép Việt An | C4: =IF($A4="","",'Nhà cung cấp'!$H4) -> A | D4: =IF($A4="","",COUNTIFS('Báo giá'!$I$4:$I$203,$A4)) -> 1 | E4: =IF($A4="","",COUNTIFS('Báo giá'!$I$4:$I$203,$A4,'Báo giá'!$T$4:$T$203,"x")) -> 1 | F4: =IF($A4="","",IFERROR($E4/$D4,"")) -> 1 | G4: =IF($A4="","",COUNTIFS(PO!$H$4:$H$203,$A4)) -> 1 | H4: =IF($A4="","",SUMIFS(PO!$L$4:$L$203,PO!$H$4:$H$203,$A4)) -> 236000000 | I4: =IF($A4="","",SUMIFS(PO!$N$4:$N$203,PO!$H$4:$H$203,$A4)) -> 14000000 | J4: =IF($A4="","",COUNTIFS(PO!$H$4:$H$203,$A4,PO!$S$4:$S$203,"Đúng hạn")+COUNTIFS(PO!$H$4:$H$203,$A4,PO!$S$4:$S$203,"Giao trễ")+COUNTIFS(PO!$H$4:$H$203,$A4,PO!$S$4:$S$203,"Trễ hạn")) -> 1 | K4: =IF($A4="","",COUNTIFS(PO!$H$4:$H$203,$A4,PO!$S$4:$S$203,"Đúng hạn")) -> 0 | L4: =IF($A4="","",IFERROR($K4/$J4,"")) -> 0 | M4: =IF($A4="","",SUMIFS(PO!$U$4:$U$203,PO!$H$4:$H$203,$A4)) -> 200 | N4: =IF($A4="","",SUMIFS(PO!$V$4:$V$203,PO!$H$4:$H$203,$A4)) -> 3 | O4: =IF($A4="","",IFERROR($N4/$M4,"")) -> 0.015 | P4: =IF($A4="","",SUMIFS('Thanh toán'!$H$4:$H$203,'Thanh toán'!$E$4:$E$203,$A4)) -> 180000000 | Q4: =IF($A4="","",SUMIFS('Công nợ'!$I$4:$I$203,'Công nợ'!$D$4:$D$203,$A4)) -> 56000000 | R4: =IF($A4="","",SUMIFS('Công nợ'!$I$4:$I$203,'Công nợ'!$D$4:$D$203,$A4,'Công nợ'!$K$4:$K$203,">0")) -> 56000000
A5: =IF('Nhà cung cấp'!$A5="","",'Nhà cung cấp'!$A5) -> NCC002 | B5: =IF($A5="","",'Nhà cung cấp'!$B5) -> Công ty CP Vật tư Hoàng Long | C5: =IF($A5="","",'Nhà cung cấp'!$H5) -> B | D5: =IF($A5="","",COUNTIFS('Báo giá'!$I$4:$I$203,$A5)) -> 1 | E5: =IF($A5="","",COUNTIFS('Báo giá'!$I$4:$I$203,$A5,'Báo giá'!$T$4:$T$203,"x")) -> 0 | F5: =IF($A5="","",IFERROR($E5/$D5,"")) -> 0 | G5: =IF($A5="","",COUNTIFS(PO!$H$4:$H$203,$A5)) -> 0 | H5: =IF($A5="","",SUMIFS(PO!$L$4:$L$203,PO!$H$4:$H$203,$A5)) -> 0 | I5: =IF($A5="","",SUMIFS(PO!$N$4:$N$203,PO!$H$4:$H$203,$A5)) -> 0 | J5: =IF($A5="","",COUNTIFS(PO!$H$4:$H$203,$A5,PO!$S$4:$S$203,"Đúng hạn")+COUNTIFS(PO!$H$4:$H$203,$A5,PO!$S$4:$S$203,"Giao trễ")+COUNTIFS(PO!$H$4:$H$203,$A5,PO!$S$4:$S$203,"Trễ hạn")) -> 0 | K5: =IF($A5="","",COUNTIFS(PO!$H$4:$H$203,$A5,PO!$S$4:$S$203,"Đúng hạn")) -> 0 | L5: =IF($A5="","",IFERROR($K5/$J5,"")) | M5: =IF($A5="","",SUMIFS(PO!$U$4:$U$203,PO!$H$4:$H$203,$A5)) -> 0 | N5: =IF($A5="","",SUMIFS(PO!$V$4:$V$203,PO!$H$4:$H$203,$A5)) -> 0 | O5: =IF($A5="","",IFERROR($N5/$M5,"")) | P5: =IF($A5="","",SUMIFS('Thanh toán'!$H$4:$H$203,'Thanh toán'!$E$4:$E$203,$A5)) -> 0 | Q5: =IF($A5="","",SUMIFS('Công nợ'!$I$4:$I$203,'Công nợ'!$D$4:$D$203,$A5)) -> 0 | R5: =IF($A5="","",SUMIFS('Công nợ'!$I$4:$I$203,'Công nợ'!$D$4:$D$203,$A5,'Công nợ'!$K$4:$K$203,">0")) -> 0
A6: =IF('Nhà cung cấp'!$A6="","",'Nhà cung cấp'!$A6) -> NCC003 | B6: =IF($A6="","",'Nhà cung cấp'!$B6) -> Công ty TNHH TM Đại Phát | C6: =IF($A6="","",'Nhà cung cấp'!$H6) -> B | D6: =IF($A6="","",COUNTIFS('Báo giá'!$I$4:$I$203,$A6)) -> 1 | E6: =IF($A6="","",COUNTIFS('Báo giá'!$I$4:$I$203,$A6,'Báo giá'!$T$4:$T$203,"x")) -> 0 | F6: =IF($A6="","",IFERROR($E6/$D6,"")) -> 0 | G6: =IF($A6="","",COUNTIFS(PO!$H$4:$H$203,$A6)) -> 0 | H6: =IF($A6="","",SUMIFS(PO!$L$4:$L$203,PO!$H$4:$H$203,$A6)) -> 0 | I6: =IF($A6="","",SUMIFS(PO!$N$4:$N$203,PO!$H$4:$H$203,$A6)) -> 0 | J6: =IF($A6="","",COUNTIFS(PO!$H$4:$H$203,$A6,PO!$S$4:$S$203,"Đúng hạn")+COUNTIFS(PO!$H$4:$H$203,$A6,PO!$S$4:$S$203,"Giao trễ")+COUNTIFS(PO!$H$4:$H$203,$A6,PO!$S$4:$S$203,"Trễ hạn")) -> 0 | K6: =IF($A6="","",COUNTIFS(PO!$H$4:$H$203,$A6,PO!$S$4:$S$203,"Đúng hạn")) -> 0 | L6: =IF($A6="","",IFERROR($K6/$J6,"")) | M6: =IF($A6="","",SUMIFS(PO!$U$4:$U$203,PO!$H$4:$H$203,$A6)) -> 0 | N6: =IF($A6="","",SUMIFS(PO!$V$4:$V$203,PO!$H$4:$H$203,$A6)) -> 0 | O6: =IF($A6="","",IFERROR($N6/$M6,"")) | P6: =IF($A6="","",SUMIFS('Thanh toán'!$H$4:$H$203,'Thanh toán'!$E$4:$E$203,$A6)) -> 0 | Q6: =IF($A6="","",SUMIFS('Công nợ'!$I$4:$I$203,'Công nợ'!$D$4:$D$203,$A6)) -> 0 | R6: =IF($A6="","",SUMIFS('Công nợ'!$I$4:$I$203,'Công nợ'!$D$4:$D$203,$A6,'Công nợ'!$K$4:$K$203,">0")) -> 0
A7: =IF('Nhà cung cấp'!$A7="","",'Nhà cung cấp'!$A7) | B7: =IF($A7="","",'Nhà cung cấp'!$B7) | C7: =IF($A7="","",'Nhà cung cấp'!$H7) | D7: =IF($A7="","",COUNTIFS('Báo giá'!$I$4:$I$203,$A7)) | E7: =IF($A7="","",COUNTIFS('Báo giá'!$I$4:$I$203,$A7,'Báo giá'!$T$4:$T$203,"x")) | F7: =IF($A7="","",IFERROR($E7/$D7,"")) | G7: =IF($A7="","",COUNTIFS(PO!$H$4:$H$203,$A7)) | H7: =IF($A7="","",SUMIFS(PO!$L$4:$L$203,PO!$H$4:$H$203,$A7)) | I7: =IF($A7="","",SUMIFS(PO!$N$4:$N$203,PO!$H$4:$H$203,$A7)) | J7: =IF($A7="","",COUNTIFS(PO!$H$4:$H$203,$A7,PO!$S$4:$S$203,"Đúng hạn")+COUNTIFS(PO!$H$4:$H$203,$A7,PO!$S$4:$S$203,"Giao trễ")+COUNTIFS(PO!$H$4:$H$203,$A7,PO!$S$4:$S$203,"Trễ hạn")) | K7: =IF($A7="","",COUNTIFS(PO!$H$4:$H$203,$A7,PO!$S$4:$S$203,"Đúng hạn")) | L7: =IF($A7="","",IFERROR($K7/$J7,"")) | M7: =IF($A7="","",SUMIFS(PO!$U$4:$U$203,PO!$H$4:$H$203,$A7)) | N7: =IF($A7="","",SUMIFS(PO!$V$4:$V$203,PO!$H$4:$H$203,$A7)) | O7: =IF($A7="","",IFERROR($N7/$M7,"")) | P7: =IF($A7="","",SUMIFS('Thanh toán'!$H$4:$H$203,'Thanh toán'!$E$4:$E$203,$A7)) | Q7: =IF($A7="","",SUMIFS('Công nợ'!$I$4:$I$203,'Công nợ'!$D$4:$D$203,$A7)) | R7: =IF($A7="","",SUMIFS('Công nợ'!$I$4:$I$203,'Công nợ'!$D$4:$D$203,$A7,'Công nợ'!$K$4:$K$203,">0"))
A8: =IF('Nhà cung cấp'!$A8="","",'Nhà cung cấp'!$A8) | B8: =IF($A8="","",'Nhà cung cấp'!$B8) | C8: =IF($A8="","",'Nhà cung cấp'!$H8) | D8: =IF($A8="","",COUNTIFS('Báo giá'!$I$4:$I$203,$A8)) | E8: =IF($A8="","",COUNTIFS('Báo giá'!$I$4:$I$203,$A8,'Báo giá'!$T$4:$T$203,"x")) | F8: =IF($A8="","",IFERROR($E8/$D8,"")) | G8: =IF($A8="","",COUNTIFS(PO!$H$4:$H$203,$A8)) | H8: =IF($A8="","",SUMIFS(PO!$L$4:$L$203,PO!$H$4:$H$203,$A8)) | I8: =IF($A8="","",SUMIFS(PO!$N$4:$N$203,PO!$H$4:$H$203,$A8)) | J8: =IF($A8="","",COUNTIFS(PO!$H$4:$H$203,$A8,PO!$S$4:$S$203,"Đúng hạn")+COUNTIFS(PO!$H$4:$H$203,$A8,PO!$S$4:$S$203,"Giao trễ")+COUNTIFS(PO!$H$4:$H$203,$A8,PO!$S$4:$S$203,"Trễ hạn")) | K8: =IF($A8="","",COUNTIFS(PO!$H$4:$H$203,$A8,PO!$S$4:$S$203,"Đúng hạn")) | L8: =IF($A8="","",IFERROR($K8/$J8,"")) | M8: =IF($A8="","",SUMIFS(PO!$U$4:$U$203,PO!$H$4:$H$203,$A8)) | N8: =IF($A8="","",SUMIFS(PO!$V$4:$V$203,PO!$H$4:$H$203,$A8)) | O8: =IF($A8="","",IFERROR($N8/$M8,"")) | P8: =IF($A8="","",SUMIFS('Thanh toán'!$H$4:$H$203,'Thanh toán'!$E$4:$E$203,$A8)) | Q8: =IF($A8="","",SUMIFS('Công nợ'!$I$4:$I$203,'Công nợ'!$D$4:$D$203,$A8)) | R8: =IF($A8="","",SUMIFS('Công nợ'!$I$4:$I$203,'Công nợ'!$D$4:$D$203,$A8,'Công nợ'!$K$4:$K$203,">0"))
A9: =IF('Nhà cung cấp'!$A9="","",'Nhà cung cấp'!$A9) | B9: =IF($A9="","",'Nhà cung cấp'!$B9) | C9: =IF($A9="","",'Nhà cung cấp'!$H9) | D9: =IF($A9="","",COUNTIFS('Báo giá'!$I$4:$I$203,$A9)) | E9: =IF($A9="","",COUNTIFS('Báo giá'!$I$4:$I$203,$A9,'Báo giá'!$T$4:$T$203,"x")) | F9: =IF($A9="","",IFERROR($E9/$D9,"")) | G9: =IF($A9="","",COUNTIFS(PO!$H$4:$H$203,$A9)) | H9: =IF($A9="","",SUMIFS(PO!$L$4:$L$203,PO!$H$4:$H$203,$A9)) | I9: =IF($A9="","",SUMIFS(PO!$N$4:$N$203,PO!$H$4:$H$203,$A9)) | J9: =IF($A9="","",COUNTIFS(PO!$H$4:$H$203,$A9,PO!$S$4:$S$203,"Đúng hạn")+COUNTIFS(PO!$H$4:$H$203,$A9,PO!$S$4:$S$203,"Giao trễ")+COUNTIFS(PO!$H$4:$H$203,$A9,PO!$S$4:$S$203,"Trễ hạn")) | K9: =IF($A9="","",COUNTIFS(PO!$H$4:$H$203,$A9,PO!$S$4:$S$203,"Đúng hạn")) | L9: =IF($A9="","",IFERROR($K9/$J9,"")) | M9: =IF($A9="","",SUMIFS(PO!$U$4:$U$203,PO!$H$4:$H$203,$A9)) | N9: =IF($A9="","",SUMIFS(PO!$V$4:$V$203,PO!$H$4:$H$203,$A9)) | O9: =IF($A9="","",IFERROR($N9/$M9,"")) | P9: =IF($A9="","",SUMIFS('Thanh toán'!$H$4:$H$203,'Thanh toán'!$E$4:$E$203,$A9)) | Q9: =IF($A9="","",SUMIFS('Công nợ'!$I$4:$I$203,'Công nợ'!$D$4:$D$203,$A9)) | R9: =IF($A9="","",SUMIFS('Công nợ'!$I$4:$I$203,'Công nợ'!$D$4:$D$203,$A9,'Công nợ'!$K$4:$K$203,">0"))
A10: =IF('Nhà cung cấp'!$A10="","",'Nhà cung cấp'!$A10) | B10: =IF($A10="","",'Nhà cung cấp'!$B10) | C10: =IF($A10="","",'Nhà cung cấp'!$H10) | D10: =IF($A10="","",COUNTIFS('Báo giá'!$I$4:$I$203,$A10)) | E10: =IF($A10="","",COUNTIFS('Báo giá'!$I$4:$I$203,$A10,'Báo giá'!$T$4:$T$203,"x")) | F10: =IF($A10="","",IFERROR($E10/$D10,"")) | G10: =IF($A10="","",COUNTIFS(PO!$H$4:$H$203,$A10)) | H10: =IF($A10="","",SUMIFS(PO!$L$4:$L$203,PO!$H$4:$H$203,$A10)) | I10: =IF($A10="","",SUMIFS(PO!$N$4:$N$203,PO!$H$4:$H$203,$A10)) | J10: =IF($A10="","",COUNTIFS(PO!$H$4:$H$203,$A10,PO!$S$4:$S$203,"Đúng hạn")+COUNTIFS(PO!$H$4:$H$203,$A10,PO!$S$4:$S$203,"Giao trễ")+COUNTIFS(PO!$H$4:$H$203,$A10,PO!$S$4:$S$203,"Trễ hạn")) | K10: =IF($A10="","",COUNTIFS(PO!$H$4:$H$203,$A10,PO!$S$4:$S$203,"Đúng hạn")) | L10: =IF($A10="","",IFERROR($K10/$J10,"")) | M10: =IF($A10="","",SUMIFS(PO!$U$4:$U$203,PO!$H$4:$H$203,$A10)) | N10: =IF($A10="","",SUMIFS(PO!$V$4:$V$203,PO!$H$4:$H$203,$A10)) | O10: =IF($A10="","",IFERROR($N10/$M10,"")) | P10: =IF($A10="","",SUMIFS('Thanh toán'!$H$4:$H$203,'Thanh toán'!$E$4:$E$203,$A10)) | Q10: =IF($A10="","",SUMIFS('Công nợ'!$I$4:$I$203,'Công nợ'!$D$4:$D$203,$A10)) | R10: =IF($A10="","",SUMIFS('Công nợ'!$I$4:$I$203,'Công nợ'!$D$4:$D$203,$A10,'Công nợ'!$K$4:$K$203,">0"))
A11: =IF('Nhà cung cấp'!$A11="","",'Nhà cung cấp'!$A11) | B11: =IF($A11="","",'Nhà cung cấp'!$B11) | C11: =IF($A11="","",'Nhà cung cấp'!$H11) | D11: =IF($A11="","",COUNTIFS('Báo giá'!$I$4:$I$203,$A11)) | E11: =IF($A11="","",COUNTIFS('Báo giá'!$I$4:$I$203,$A11,'Báo giá'!$T$4:$T$203,"x")) | F11: =IF($A11="","",IFERROR($E11/$D11,"")) | G11: =IF($A11="","",COUNTIFS(PO!$H$4:$H$203,$A11)) | H11: =IF($A11="","",SUMIFS(PO!$L$4:$L$203,PO!$H$4:$H$203,$A11)) | I11: =IF($A11="","",SUMIFS(PO!$N$4:$N$203,PO!$H$4:$H$203,$A11)) | J11: =IF($A11="","",COUNTIFS(PO!$H$4:$H$203,$A11,PO!$S$4:$S$203,"Đúng hạn")+COUNTIFS(PO!$H$4:$H$203,$A11,PO!$S$4:$S$203,"Giao trễ")+COUNTIFS(PO!$H$4:$H$203,$A11,PO!$S$4:$S$203,"Trễ hạn")) | K11: =IF($A11="","",COUNTIFS(PO!$H$4:$H$203,$A11,PO!$S$4:$S$203,"Đúng hạn")) | L11: =IF($A11="","",IFERROR($K11/$J11,"")) | M11: =IF($A11="","",SUMIFS(PO!$U$4:$U$203,PO!$H$4:$H$203,$A11)) | N11: =IF($A11="","",SUMIFS(PO!$V$4:$V$203,PO!$H$4:$H$203,$A11)) | O11: =IF($A11="","",IFERROR($N11/$M11,"")) | P11: =IF($A11="","",SUMIFS('Thanh toán'!$H$4:$H$203,'Thanh toán'!$E$4:$E$203,$A11)) | Q11: =IF($A11="","",SUMIFS('Công nợ'!$I$4:$I$203,'Công nợ'!$D$4:$D$203,$A11)) | R11: =IF($A11="","",SUMIFS('Công nợ'!$I$4:$I$203,'Công nợ'!$D$4:$D$203,$A11,'Công nợ'!$K$4:$K$203,">0"))
A12: =IF('Nhà cung cấp'!$A12="","",'Nhà cung cấp'!$A12) | B12: =IF($A12="","",'Nhà cung cấp'!$B12) | C12: =IF($A12="","",'Nhà cung cấp'!$H12) | D12: =IF($A12="","",COUNTIFS('Báo giá'!$I$4:$I$203,$A12)) | E12: =IF($A12="","",COUNTIFS('Báo giá'!$I$4:$I$203,$A12,'Báo giá'!$T$4:$T$203,"x")) | F12: =IF($A12="","",IFERROR($E12/$D12,"")) | G12: =IF($A12="","",COUNTIFS(PO!$H$4:$H$203,$A12)) | H12: =IF($A12="","",SUMIFS(PO!$L$4:$L$203,PO!$H$4:$H$203,$A12)) | I12: =IF($A12="","",SUMIFS(PO!$N$4:$N$203,PO!$H$4:$H$203,$A12)) | J12: =IF($A12="","",COUNTIFS(PO!$H$4:$H$203,$A12,PO!$S$4:$S$203,"Đúng hạn")+COUNTIFS(PO!$H$4:$H$203,$A12,PO!$S$4:$S$203,"Giao trễ")+COUNTIFS(PO!$H$4:$H$203,$A12,PO!$S$4:$S$203,"Trễ hạn")) | K12: =IF($A12="","",COUNTIFS(PO!$H$4:$H$203,$A12,PO!$S$4:$S$203,"Đúng hạn")) | L12: =IF($A12="","",IFERROR($K12/$J12,"")) | M12: =IF($A12="","",SUMIFS(PO!$U$4:$U$203,PO!$H$4:$H$203,$A12)) | N12: =IF($A12="","",SUMIFS(PO!$V$4:$V$203,PO!$H$4:$H$203,$A12)) | O12: =IF($A12="","",IFERROR($N12/$M12,"")) | P12: =IF($A12="","",SUMIFS('Thanh toán'!$H$4:$H$203,'Thanh toán'!$E$4:$E$203,$A12)) | Q12: =IF($A12="","",SUMIFS('Công nợ'!$I$4:$I$203,'Công nợ'!$D$4:$D$203,$A12)) | R12: =IF($A12="","",SUMIFS('Công nợ'!$I$4:$I$203,'Công nợ'!$D$4:$D$203,$A12,'Công nợ'!$K$4:$K$203,">0"))
A13: =IF('Nhà cung cấp'!$A13="","",'Nhà cung cấp'!$A13) | B13: =IF($A13="","",'Nhà cung cấp'!$B13) | C13: =IF($A13="","",'Nhà cung cấp'!$H13) | D13: =IF($A13="","",COUNTIFS('Báo giá'!$I$4:$I$203,$A13)) | E13: =IF($A13="","",COUNTIFS('Báo giá'!$I$4:$I$203,$A13,'Báo giá'!$T$4:$T$203,"x")) | F13: =IF($A13="","",IFERROR($E13/$D13,"")) | G13: =IF($A13="","",COUNTIFS(PO!$H$4:$H$203,$A13)) | H13: =IF($A13="","",SUMIFS(PO!$L$4:$L$203,PO!$H$4:$H$203,$A13)) | I13: =IF($A13="","",SUMIFS(PO!$N$4:$N$203,PO!$H$4:$H$203,$A13)) | J13: =IF($A13="","",COUNTIFS(PO!$H$4:$H$203,$A13,PO!$S$4:$S$203,"Đúng hạn")+COUNTIFS(PO!$H$4:$H$203,$A13,PO!$S$4:$S$203,"Giao trễ")+COUNTIFS(PO!$H$4:$H$203,$A13,PO!$S$4:$S$203,"Trễ hạn")) | K13: =IF($A13="","",COUNTIFS(PO!$H$4:$H$203,$A13,PO!$S$4:$S$203,"Đúng hạn")) | L13: =IF($A13="","",IFERROR($K13/$J13,"")) | M13: =IF($A13="","",SUMIFS(PO!$U$4:$U$203,PO!$H$4:$H$203,$A13)) | N13: =IF($A13="","",SUMIFS(PO!$V$4:$V$203,PO!$H$4:$H$203,$A13)) | O13: =IF($A13="","",IFERROR($N13/$M13,"")) | P13: =IF($A13="","",SUMIFS('Thanh toán'!$H$4:$H$203,'Thanh toán'!$E$4:$E$203,$A13)) | Q13: =IF($A13="","",SUMIFS('Công nợ'!$I$4:$I$203,'Công nợ'!$D$4:$D$203,$A13)) | R13: =IF($A13="","",SUMIFS('Công nợ'!$I$4:$I$203,'Công nợ'!$D$4:$D$203,$A13,'Công nợ'!$K$4:$K$203,">0"))
A14: =IF('Nhà cung cấp'!$A14="","",'Nhà cung cấp'!$A14) | B14: =IF($A14="","",'Nhà cung cấp'!$B14) | C14: =IF($A14="","",'Nhà cung cấp'!$H14) | D14: =IF($A14="","",COUNTIFS('Báo giá'!$I$4:$I$203,$A14)) | E14: =IF($A14="","",COUNTIFS('Báo giá'!$I$4:$I$203,$A14,'Báo giá'!$T$4:$T$203,"x")) | F14: =IF($A14="","",IFERROR($E14/$D14,"")) | G14: =IF($A14="","",COUNTIFS(PO!$H$4:$H$203,$A14)) | H14: =IF($A14="","",SUMIFS(PO!$L$4:$L$203,PO!$H$4:$H$203,$A14)) | I14: =IF($A14="","",SUMIFS(PO!$N$4:$N$203,PO!$H$4:$H$203,$A14)) | J14: =IF($A14="","",COUNTIFS(PO!$H$4:$H$203,$A14,PO!$S$4:$S$203,"Đúng hạn")+COUNTIFS(PO!$H$4:$H$203,$A14,PO!$S$4:$S$203,"Giao trễ")+COUNTIFS(PO!$H$4:$H$203,$A14,PO!$S$4:$S$203,"Trễ hạn")) | K14: =IF($A14="","",COUNTIFS(PO!$H$4:$H$203,$A14,PO!$S$4:$S$203,"Đúng hạn")) | L14: =IF($A14="","",IFERROR($K14/$J14,"")) | M14: =IF($A14="","",SUMIFS(PO!$U$4:$U$203,PO!$H$4:$H$203,$A14)) | N14: =IF($A14="","",SUMIFS(PO!$V$4:$V$203,PO!$H$4:$H$203,$A14)) | O14: =IF($A14="","",IFERROR($N14/$M14,"")) | P14: =IF($A14="","",SUMIFS('Thanh toán'!$H$4:$H$203,'Thanh toán'!$E$4:$E$203,$A14)) | Q14: =IF($A14="","",SUMIFS('Công nợ'!$I$4:$I$203,'Công nợ'!$D$4:$D$203,$A14)) | R14: =IF($A14="","",SUMIFS('Công nợ'!$I$4:$I$203,'Công nợ'!$D$4:$D$203,$A14,'Công nợ'!$K$4:$K$203,">0"))
A15: =IF('Nhà cung cấp'!$A15="","",'Nhà cung cấp'!$A15) | B15: =IF($A15="","",'Nhà cung cấp'!$B15) | C15: =IF($A15="","",'Nhà cung cấp'!$H15) | D15: =IF($A15="","",COUNTIFS('Báo giá'!$I$4:$I$203,$A15)) | E15: =IF($A15="","",COUNTIFS('Báo giá'!$I$4:$I$203,$A15,'Báo giá'!$T$4:$T$203,"x")) | F15: =IF($A15="","",IFERROR($E15/$D15,"")) | G15: =IF($A15="","",COUNTIFS(PO!$H$4:$H$203,$A15)) | H15: =IF($A15="","",SUMIFS(PO!$L$4:$L$203,PO!$H$4:$H$203,$A15)) | I15: =IF($A15="","",SUMIFS(PO!$N$4:$N$203,PO!$H$4:$H$203,$A15)) | J15: =IF($A15="","",COUNTIFS(PO!$H$4:$H$203,$A15,PO!$S$4:$S$203,"Đúng hạn")+COUNTIFS(PO!$H$4:$H$203,$A15,PO!$S$4:$S$203,"Giao trễ")+COUNTIFS(PO!$H$4:$H$203,$A15,PO!$S$4:$S$203,"Trễ hạn")) | K15: =IF($A15="","",COUNTIFS(PO!$H$4:$H$203,$A15,PO!$S$4:$S$203,"Đúng hạn")) | L15: =IF($A15="","",IFERROR($K15/$J15,"")) | M15: =IF($A15="","",SUMIFS(PO!$U$4:$U$203,PO!$H$4:$H$203,$A15)) | N15: =IF($A15="","",SUMIFS(PO!$V$4:$V$203,PO!$H$4:$H$203,$A15)) | O15: =IF($A15="","",IFERROR($N15/$M15,"")) | P15: =IF($A15="","",SUMIFS('Thanh toán'!$H$4:$H$203,'Thanh toán'!$E$4:$E$203,$A15)) | Q15: =IF($A15="","",SUMIFS('Công nợ'!$I$4:$I$203,'Công nợ'!$D$4:$D$203,$A15)) | R15: =IF($A15="","",SUMIFS('Công nợ'!$I$4:$I$203,'Công nợ'!$D$4:$D$203,$A15,'Công nợ'!$K$4:$K$203,">0"))
... A203: =IF('Nhà cung cấp'!$A203="","",'Nhà cung cấp'!$A203) | B203: =IF($A203="","",'Nhà cung cấp'!$B203) | C203: =IF($A203="","",'Nhà cung cấp'!$H203) | D203: =IF($A203="","",COUNTIFS('Báo giá'!$I$4:$I$203,$A203)) | E203: =IF($A203="","",COUNTIFS('Báo giá'!$I$4:$I$203,$A203,'Báo giá'!$T$4:$T$203,"x")) | F203: =IF($A203="","",IFERROR($E203/$D203,"")) | G203: =IF($A203="","",COUNTIFS(PO!$H$4:$H$203,$A203)) | H203: =IF($A203="","",SUMIFS(PO!$L$4:$L$203,PO!$H$4:$H$203,$A203)) | I203: =IF($A203="","",SUMIFS(PO!$N$4:$N$203,PO!$H$4:$H$203,$A203)) | J203: =IF($A203="","",COUNTIFS(PO!$H$4:$H$203,$A203,PO!$S$4:$S$203,"Đúng hạn")+COUNTIFS(PO!$H$4:$H$203,$A203,PO!$S$4:$S$203,"Giao trễ")+COUNTIFS(PO!$H$4:$H$203,$A203,PO!$S$4:$S$203,"Trễ hạn")) | K203: =IF($A203="","",COUNTIFS(PO!$H$4:$H$203,$A203,PO!$S$4:$S$203,"Đúng hạn")) | L203: =IF($A203="","",IFERROR($K203/$J203,"")) | M203: =IF($A203="","",SUMIFS(PO!$U$4:$U$203,PO!$H$4:$H$203,$A203)) | N203: =IF($A203="","",SUMIFS(PO!$V$4:$V$203,PO!$H$4:$H$203,$A203)) | O203: =IF($A203="","",IFERROR($N203/$M203,"")) | P203: =IF($A203="","",SUMIFS('Thanh toán'!$H$4:$H$203,'Thanh toán'!$E$4:$E$203,$A203)) | Q203: =IF($A203="","",SUMIFS('Công nợ'!$I$4:$I$203,'Công nợ'!$D$4:$D$203,$A203)) | R203: =IF($A203="","",SUMIFS('Công nợ'!$I$4:$I$203,'Công nợ'!$D$4:$D$203,$A203,'Công nợ'!$K$4:$K$203,">0"))

Sheet Thống kê dự án
A1: THỐNG KÊ THEO DỰ ÁN
A2: Sheet 100% công thức – tự tổng hợp theo danh mục "Dự án".
A3: Mã dự án | B3: Tên dự án | C3: Chủ đầu tư | D3: Trạng thái dự án | E3: Ngân sách mua hàng | F3: Số YC check giá | G3: Số YC chưa trả giá | H3: Giá trị dự toán YC | I3: Số PR | J3: Giá trị dự toán PR | K3: Số PO | L3: Giá trị PO phát hành | M3: Tiết kiệm đàm phán | N3: % sử dụng ngân sách | O3: Ngân sách còn lại | P3: Số PO đến hạn giao | Q3: Số PO giao đúng hạn | R3: Tỷ lệ giao đúng hạn | S3: Đã thanh toán | T3: Còn phải trả | U3: Nợ quá hạn
A4: =IF('Dự án'!$A4="","",'Dự án'!$A4) -> DA-2026-01 | B4: =IF($A4="","",'Dự án'!$B4) -> Nhà máy Bao bì Tân Uyên – Giai đoạn 2 | C4: =IF($A4="","",'Dự án'!$C4) -> Công ty CP Bao bì Tân Uyên | D4: =IF($A4="","",'Dự án'!$H4) -> Đang thực hiện | E4: =IF($A4="","",'Dự án'!$G4) -> 5000000000 | F4: =IF($A4="","",COUNTIFS('Check giá'!$C$4:$C$203,$A4)) -> 1 | G4: =IF($A4="","",COUNTIFS('Check giá'!$C$4:$C$203,$A4,'Check giá'!$O$4:$O$203,"Đang xử lý")+COUNTIFS('Check giá'!$C$4:$C$203,$A4,'Check giá'!$O$4:$O$203,"Quá hạn chưa trả")) -> 0 | H4: =IF($A4="","",SUMIFS('Check giá'!$J$4:$J$203,'Check giá'!$C$4:$C$203,$A4)) -> 250000000 | I4: =IF($A4="","",COUNTIFS(PR!$D$4:$D$203,$A4)) -> 1 | J4: =IF($A4="","",SUMIFS(PR!$L$4:$L$203,PR!$D$4:$D$203,$A4)) -> 250000000 | K4: =IF($A4="","",COUNTIFS(PO!$D$4:$D$203,$A4)) -> 1 | L4: =IF($A4="","",SUMIFS(PO!$L$4:$L$203,PO!$D$4:$D$203,$A4)) -> 236000000 | M4: =IF($A4="","",SUMIFS(PO!$N$4:$N$203,PO!$D$4:$D$203,$A4)) -> 14000000 | N4: =IF($A4="","",IFERROR($L4/$E4,"")) -> 0.0472 | O4: =IF($A4="","",IFERROR($E4-$L4,"")) -> 4764000000 | P4: =IF($A4="","",COUNTIFS(PO!$D$4:$D$203,$A4,PO!$S$4:$S$203,"Đúng hạn")+COUNTIFS(PO!$D$4:$D$203,$A4,PO!$S$4:$S$203,"Giao trễ")+COUNTIFS(PO!$D$4:$D$203,$A4,PO!$S$4:$S$203,"Trễ hạn")) -> 1 | Q4: =IF($A4="","",COUNTIFS(PO!$D$4:$D$203,$A4,PO!$S$4:$S$203,"Đúng hạn")) -> 0 | R4: =IF($A4="","",IFERROR($Q4/$P4,"")) -> 0 | S4: =IF($A4="","",SUMIFS('Thanh toán'!$H$4:$H$203,'Thanh toán'!$D$4:$D$203,$A4)) -> 180000000 | T4: =IF($A4="","",SUMIFS('Công nợ'!$I$4:$I$203,'Công nợ'!$B$4:$B$203,$A4)) -> 56000000 | U4: =IF($A4="","",SUMIFS('Công nợ'!$I$4:$I$203,'Công nợ'!$B$4:$B$203,$A4,'Công nợ'!$K$4:$K$203,">0")) -> 56000000
A5: =IF('Dự án'!$A5="","",'Dự án'!$A5) -> DA-2026-02 | B5: =IF($A5="","",'Dự án'!$B5) -> Kho lạnh Long An | C5: =IF($A5="","",'Dự án'!$C5) -> Công ty TNHH Thực phẩm Long An | D5: =IF($A5="","",'Dự án'!$H5) -> Đang chào giá | E5: =IF($A5="","",'Dự án'!$G5) -> 3200000000 | F5: =IF($A5="","",COUNTIFS('Check giá'!$C$4:$C$203,$A5)) -> 1 | G5: =IF($A5="","",COUNTIFS('Check giá'!$C$4:$C$203,$A5,'Check giá'!$O$4:$O$203,"Đang xử lý")+COUNTIFS('Check giá'!$C$4:$C$203,$A5,'Check giá'!$O$4:$O$203,"Quá hạn chưa trả")) -> 1 | H5: =IF($A5="","",SUMIFS('Check giá'!$J$4:$J$203,'Check giá'!$C$4:$C$203,$A5)) -> 1116000000 | I5: =IF($A5="","",COUNTIFS(PR!$D$4:$D$203,$A5)) -> 0 | J5: =IF($A5="","",SUMIFS(PR!$L$4:$L$203,PR!$D$4:$D$203,$A5)) -> 0 | K5: =IF($A5="","",COUNTIFS(PO!$D$4:$D$203,$A5)) -> 0 | L5: =IF($A5="","",SUMIFS(PO!$L$4:$L$203,PO!$D$4:$D$203,$A5)) -> 0 | M5: =IF($A5="","",SUMIFS(PO!$N$4:$N$203,PO!$D$4:$D$203,$A5)) -> 0 | N5: =IF($A5="","",IFERROR($L5/$E5,"")) -> 0 | O5: =IF($A5="","",IFERROR($E5-$L5,"")) -> 3200000000 | P5: =IF($A5="","",COUNTIFS(PO!$D$4:$D$203,$A5,PO!$S$4:$S$203,"Đúng hạn")+COUNTIFS(PO!$D$4:$D$203,$A5,PO!$S$4:$S$203,"Giao trễ")+COUNTIFS(PO!$D$4:$D$203,$A5,PO!$S$4:$S$203,"Trễ hạn")) -> 0 | Q5: =IF($A5="","",COUNTIFS(PO!$D$4:$D$203,$A5,PO!$S$4:$S$203,"Đúng hạn")) -> 0 | R5: =IF($A5="","",IFERROR($Q5/$P5,"")) | S5: =IF($A5="","",SUMIFS('Thanh toán'!$H$4:$H$203,'Thanh toán'!$D$4:$D$203,$A5)) -> 0 | T5: =IF($A5="","",SUMIFS('Công nợ'!$I$4:$I$203,'Công nợ'!$B$4:$B$203,$A5)) -> 0 | U5: =IF($A5="","",SUMIFS('Công nợ'!$I$4:$I$203,'Công nợ'!$B$4:$B$203,$A5,'Công nợ'!$K$4:$K$203,">0")) -> 0
A6: =IF('Dự án'!$A6="","",'Dự án'!$A6) | B6: =IF($A6="","",'Dự án'!$B6) | C6: =IF($A6="","",'Dự án'!$C6) | D6: =IF($A6="","",'Dự án'!$H6) | E6: =IF($A6="","",'Dự án'!$G6) | F6: =IF($A6="","",COUNTIFS('Check giá'!$C$4:$C$203,$A6)) | G6: =IF($A6="","",COUNTIFS('Check giá'!$C$4:$C$203,$A6,'Check giá'!$O$4:$O$203,"Đang xử lý")+COUNTIFS('Check giá'!$C$4:$C$203,$A6,'Check giá'!$O$4:$O$203,"Quá hạn chưa trả")) | H6: =IF($A6="","",SUMIFS('Check giá'!$J$4:$J$203,'Check giá'!$C$4:$C$203,$A6)) | I6: =IF($A6="","",COUNTIFS(PR!$D$4:$D$203,$A6)) | J6: =IF($A6="","",SUMIFS(PR!$L$4:$L$203,PR!$D$4:$D$203,$A6)) | K6: =IF($A6="","",COUNTIFS(PO!$D$4:$D$203,$A6)) | L6: =IF($A6="","",SUMIFS(PO!$L$4:$L$203,PO!$D$4:$D$203,$A6)) | M6: =IF($A6="","",SUMIFS(PO!$N$4:$N$203,PO!$D$4:$D$203,$A6)) | N6: =IF($A6="","",IFERROR($L6/$E6,"")) | O6: =IF($A6="","",IFERROR($E6-$L6,"")) | P6: =IF($A6="","",COUNTIFS(PO!$D$4:$D$203,$A6,PO!$S$4:$S$203,"Đúng hạn")+COUNTIFS(PO!$D$4:$D$203,$A6,PO!$S$4:$S$203,"Giao trễ")+COUNTIFS(PO!$D$4:$D$203,$A6,PO!$S$4:$S$203,"Trễ hạn")) | Q6: =IF($A6="","",COUNTIFS(PO!$D$4:$D$203,$A6,PO!$S$4:$S$203,"Đúng hạn")) | R6: =IF($A6="","",IFERROR($Q6/$P6,"")) | S6: =IF($A6="","",SUMIFS('Thanh toán'!$H$4:$H$203,'Thanh toán'!$D$4:$D$203,$A6)) | T6: =IF($A6="","",SUMIFS('Công nợ'!$I$4:$I$203,'Công nợ'!$B$4:$B$203,$A6)) | U6: =IF($A6="","",SUMIFS('Công nợ'!$I$4:$I$203,'Công nợ'!$B$4:$B$203,$A6,'Công nợ'!$K$4:$K$203,">0"))
A7: =IF('Dự án'!$A7="","",'Dự án'!$A7) | B7: =IF($A7="","",'Dự án'!$B7) | C7: =IF($A7="","",'Dự án'!$C7) | D7: =IF($A7="","",'Dự án'!$H7) | E7: =IF($A7="","",'Dự án'!$G7) | F7: =IF($A7="","",COUNTIFS('Check giá'!$C$4:$C$203,$A7)) | G7: =IF($A7="","",COUNTIFS('Check giá'!$C$4:$C$203,$A7,'Check giá'!$O$4:$O$203,"Đang xử lý")+COUNTIFS('Check giá'!$C$4:$C$203,$A7,'Check giá'!$O$4:$O$203,"Quá hạn chưa trả")) | H7: =IF($A7="","",SUMIFS('Check giá'!$J$4:$J$203,'Check giá'!$C$4:$C$203,$A7)) | I7: =IF($A7="","",COUNTIFS(PR!$D$4:$D$203,$A7)) | J7: =IF($A7="","",SUMIFS(PR!$L$4:$L$203,PR!$D$4:$D$203,$A7)) | K7: =IF($A7="","",COUNTIFS(PO!$D$4:$D$203,$A7)) | L7: =IF($A7="","",SUMIFS(PO!$L$4:$L$203,PO!$D$4:$D$203,$A7)) | M7: =IF($A7="","",SUMIFS(PO!$N$4:$N$203,PO!$D$4:$D$203,$A7)) | N7: =IF($A7="","",IFERROR($L7/$E7,"")) | O7: =IF($A7="","",IFERROR($E7-$L7,"")) | P7: =IF($A7="","",COUNTIFS(PO!$D$4:$D$203,$A7,PO!$S$4:$S$203,"Đúng hạn")+COUNTIFS(PO!$D$4:$D$203,$A7,PO!$S$4:$S$203,"Giao trễ")+COUNTIFS(PO!$D$4:$D$203,$A7,PO!$S$4:$S$203,"Trễ hạn")) | Q7: =IF($A7="","",COUNTIFS(PO!$D$4:$D$203,$A7,PO!$S$4:$S$203,"Đúng hạn")) | R7: =IF($A7="","",IFERROR($Q7/$P7,"")) | S7: =IF($A7="","",SUMIFS('Thanh toán'!$H$4:$H$203,'Thanh toán'!$D$4:$D$203,$A7)) | T7: =IF($A7="","",SUMIFS('Công nợ'!$I$4:$I$203,'Công nợ'!$B$4:$B$203,$A7)) | U7: =IF($A7="","",SUMIFS('Công nợ'!$I$4:$I$203,'Công nợ'!$B$4:$B$203,$A7,'Công nợ'!$K$4:$K$203,">0"))
A8: =IF('Dự án'!$A8="","",'Dự án'!$A8) | B8: =IF($A8="","",'Dự án'!$B8) | C8: =IF($A8="","",'Dự án'!$C8) | D8: =IF($A8="","",'Dự án'!$H8) | E8: =IF($A8="","",'Dự án'!$G8) | F8: =IF($A8="","",COUNTIFS('Check giá'!$C$4:$C$203,$A8)) | G8: =IF($A8="","",COUNTIFS('Check giá'!$C$4:$C$203,$A8,'Check giá'!$O$4:$O$203,"Đang xử lý")+COUNTIFS('Check giá'!$C$4:$C$203,$A8,'Check giá'!$O$4:$O$203,"Quá hạn chưa trả")) | H8: =IF($A8="","",SUMIFS('Check giá'!$J$4:$J$203,'Check giá'!$C$4:$C$203,$A8)) | I8: =IF($A8="","",COUNTIFS(PR!$D$4:$D$203,$A8)) | J8: =IF($A8="","",SUMIFS(PR!$L$4:$L$203,PR!$D$4:$D$203,$A8)) | K8: =IF($A8="","",COUNTIFS(PO!$D$4:$D$203,$A8)) | L8: =IF($A8="","",SUMIFS(PO!$L$4:$L$203,PO!$D$4:$D$203,$A8)) | M8: =IF($A8="","",SUMIFS(PO!$N$4:$N$203,PO!$D$4:$D$203,$A8)) | N8: =IF($A8="","",IFERROR($L8/$E8,"")) | O8: =IF($A8="","",IFERROR($E8-$L8,"")) | P8: =IF($A8="","",COUNTIFS(PO!$D$4:$D$203,$A8,PO!$S$4:$S$203,"Đúng hạn")+COUNTIFS(PO!$D$4:$D$203,$A8,PO!$S$4:$S$203,"Giao trễ")+COUNTIFS(PO!$D$4:$D$203,$A8,PO!$S$4:$S$203,"Trễ hạn")) | Q8: =IF($A8="","",COUNTIFS(PO!$D$4:$D$203,$A8,PO!$S$4:$S$203,"Đúng hạn")) | R8: =IF($A8="","",IFERROR($Q8/$P8,"")) | S8: =IF($A8="","",SUMIFS('Thanh toán'!$H$4:$H$203,'Thanh toán'!$D$4:$D$203,$A8)) | T8: =IF($A8="","",SUMIFS('Công nợ'!$I$4:$I$203,'Công nợ'!$B$4:$B$203,$A8)) | U8: =IF($A8="","",SUMIFS('Công nợ'!$I$4:$I$203,'Công nợ'!$B$4:$B$203,$A8,'Công nợ'!$K$4:$K$203,">0"))
A9: =IF('Dự án'!$A9="","",'Dự án'!$A9) | B9: =IF($A9="","",'Dự án'!$B9) | C9: =IF($A9="","",'Dự án'!$C9) | D9: =IF($A9="","",'Dự án'!$H9) | E9: =IF($A9="","",'Dự án'!$G9) | F9: =IF($A9="","",COUNTIFS('Check giá'!$C$4:$C$203,$A9)) | G9: =IF($A9="","",COUNTIFS('Check giá'!$C$4:$C$203,$A9,'Check giá'!$O$4:$O$203,"Đang xử lý")+COUNTIFS('Check giá'!$C$4:$C$203,$A9,'Check giá'!$O$4:$O$203,"Quá hạn chưa trả")) | H9: =IF($A9="","",SUMIFS('Check giá'!$J$4:$J$203,'Check giá'!$C$4:$C$203,$A9)) | I9: =IF($A9="","",COUNTIFS(PR!$D$4:$D$203,$A9)) | J9: =IF($A9="","",SUMIFS(PR!$L$4:$L$203,PR!$D$4:$D$203,$A9)) | K9: =IF($A9="","",COUNTIFS(PO!$D$4:$D$203,$A9)) | L9: =IF($A9="","",SUMIFS(PO!$L$4:$L$203,PO!$D$4:$D$203,$A9)) | M9: =IF($A9="","",SUMIFS(PO!$N$4:$N$203,PO!$D$4:$D$203,$A9)) | N9: =IF($A9="","",IFERROR($L9/$E9,"")) | O9: =IF($A9="","",IFERROR($E9-$L9,"")) | P9: =IF($A9="","",COUNTIFS(PO!$D$4:$D$203,$A9,PO!$S$4:$S$203,"Đúng hạn")+COUNTIFS(PO!$D$4:$D$203,$A9,PO!$S$4:$S$203,"Giao trễ")+COUNTIFS(PO!$D$4:$D$203,$A9,PO!$S$4:$S$203,"Trễ hạn")) | Q9: =IF($A9="","",COUNTIFS(PO!$D$4:$D$203,$A9,PO!$S$4:$S$203,"Đúng hạn")) | R9: =IF($A9="","",IFERROR($Q9/$P9,"")) | S9: =IF($A9="","",SUMIFS('Thanh toán'!$H$4:$H$203,'Thanh toán'!$D$4:$D$203,$A9)) | T9: =IF($A9="","",SUMIFS('Công nợ'!$I$4:$I$203,'Công nợ'!$B$4:$B$203,$A9)) | U9: =IF($A9="","",SUMIFS('Công nợ'!$I$4:$I$203,'Công nợ'!$B$4:$B$203,$A9,'Công nợ'!$K$4:$K$203,">0"))
A10: =IF('Dự án'!$A10="","",'Dự án'!$A10) | B10: =IF($A10="","",'Dự án'!$B10) | C10: =IF($A10="","",'Dự án'!$C10) | D10: =IF($A10="","",'Dự án'!$H10) | E10: =IF($A10="","",'Dự án'!$G10) | F10: =IF($A10="","",COUNTIFS('Check giá'!$C$4:$C$203,$A10)) | G10: =IF($A10="","",COUNTIFS('Check giá'!$C$4:$C$203,$A10,'Check giá'!$O$4:$O$203,"Đang xử lý")+COUNTIFS('Check giá'!$C$4:$C$203,$A10,'Check giá'!$O$4:$O$203,"Quá hạn chưa trả")) | H10: =IF($A10="","",SUMIFS('Check giá'!$J$4:$J$203,'Check giá'!$C$4:$C$203,$A10)) | I10: =IF($A10="","",COUNTIFS(PR!$D$4:$D$203,$A10)) | J10: =IF($A10="","",SUMIFS(PR!$L$4:$L$203,PR!$D$4:$D$203,$A10)) | K10: =IF($A10="","",COUNTIFS(PO!$D$4:$D$203,$A10)) | L10: =IF($A10="","",SUMIFS(PO!$L$4:$L$203,PO!$D$4:$D$203,$A10)) | M10: =IF($A10="","",SUMIFS(PO!$N$4:$N$203,PO!$D$4:$D$203,$A10)) | N10: =IF($A10="","",IFERROR($L10/$E10,"")) | O10: =IF($A10="","",IFERROR($E10-$L10,"")) | P10: =IF($A10="","",COUNTIFS(PO!$D$4:$D$203,$A10,PO!$S$4:$S$203,"Đúng hạn")+COUNTIFS(PO!$D$4:$D$203,$A10,PO!$S$4:$S$203,"Giao trễ")+COUNTIFS(PO!$D$4:$D$203,$A10,PO!$S$4:$S$203,"Trễ hạn")) | Q10: =IF($A10="","",COUNTIFS(PO!$D$4:$D$203,$A10,PO!$S$4:$S$203,"Đúng hạn")) | R10: =IF($A10="","",IFERROR($Q10/$P10,"")) | S10: =IF($A10="","",SUMIFS('Thanh toán'!$H$4:$H$203,'Thanh toán'!$D$4:$D$203,$A10)) | T10: =IF($A10="","",SUMIFS('Công nợ'!$I$4:$I$203,'Công nợ'!$B$4:$B$203,$A10)) | U10: =IF($A10="","",SUMIFS('Công nợ'!$I$4:$I$203,'Công nợ'!$B$4:$B$203,$A10,'Công nợ'!$K$4:$K$203,">0"))
A11: =IF('Dự án'!$A11="","",'Dự án'!$A11) | B11: =IF($A11="","",'Dự án'!$B11) | C11: =IF($A11="","",'Dự án'!$C11) | D11: =IF($A11="","",'Dự án'!$H11) | E11: =IF($A11="","",'Dự án'!$G11) | F11: =IF($A11="","",COUNTIFS('Check giá'!$C$4:$C$203,$A11)) | G11: =IF($A11="","",COUNTIFS('Check giá'!$C$4:$C$203,$A11,'Check giá'!$O$4:$O$203,"Đang xử lý")+COUNTIFS('Check giá'!$C$4:$C$203,$A11,'Check giá'!$O$4:$O$203,"Quá hạn chưa trả")) | H11: =IF($A11="","",SUMIFS('Check giá'!$J$4:$J$203,'Check giá'!$C$4:$C$203,$A11)) | I11: =IF($A11="","",COUNTIFS(PR!$D$4:$D$203,$A11)) | J11: =IF($A11="","",SUMIFS(PR!$L$4:$L$203,PR!$D$4:$D$203,$A11)) | K11: =IF($A11="","",COUNTIFS(PO!$D$4:$D$203,$A11)) | L11: =IF($A11="","",SUMIFS(PO!$L$4:$L$203,PO!$D$4:$D$203,$A11)) | M11: =IF($A11="","",SUMIFS(PO!$N$4:$N$203,PO!$D$4:$D$203,$A11)) | N11: =IF($A11="","",IFERROR($L11/$E11,"")) | O11: =IF($A11="","",IFERROR($E11-$L11,"")) | P11: =IF($A11="","",COUNTIFS(PO!$D$4:$D$203,$A11,PO!$S$4:$S$203,"Đúng hạn")+COUNTIFS(PO!$D$4:$D$203,$A11,PO!$S$4:$S$203,"Giao trễ")+COUNTIFS(PO!$D$4:$D$203,$A11,PO!$S$4:$S$203,"Trễ hạn")) | Q11: =IF($A11="","",COUNTIFS(PO!$D$4:$D$203,$A11,PO!$S$4:$S$203,"Đúng hạn")) | R11: =IF($A11="","",IFERROR($Q11/$P11,"")) | S11: =IF($A11="","",SUMIFS('Thanh toán'!$H$4:$H$203,'Thanh toán'!$D$4:$D$203,$A11)) | T11: =IF($A11="","",SUMIFS('Công nợ'!$I$4:$I$203,'Công nợ'!$B$4:$B$203,$A11)) | U11: =IF($A11="","",SUMIFS('Công nợ'!$I$4:$I$203,'Công nợ'!$B$4:$B$203,$A11,'Công nợ'!$K$4:$K$203,">0"))
A12: =IF('Dự án'!$A12="","",'Dự án'!$A12) | B12: =IF($A12="","",'Dự án'!$B12) | C12: =IF($A12="","",'Dự án'!$C12) | D12: =IF($A12="","",'Dự án'!$H12) | E12: =IF($A12="","",'Dự án'!$G12) | F12: =IF($A12="","",COUNTIFS('Check giá'!$C$4:$C$203,$A12)) | G12: =IF($A12="","",COUNTIFS('Check giá'!$C$4:$C$203,$A12,'Check giá'!$O$4:$O$203,"Đang xử lý")+COUNTIFS('Check giá'!$C$4:$C$203,$A12,'Check giá'!$O$4:$O$203,"Quá hạn chưa trả")) | H12: =IF($A12="","",SUMIFS('Check giá'!$J$4:$J$203,'Check giá'!$C$4:$C$203,$A12)) | I12: =IF($A12="","",COUNTIFS(PR!$D$4:$D$203,$A12)) | J12: =IF($A12="","",SUMIFS(PR!$L$4:$L$203,PR!$D$4:$D$203,$A12)) | K12: =IF($A12="","",COUNTIFS(PO!$D$4:$D$203,$A12)) | L12: =IF($A12="","",SUMIFS(PO!$L$4:$L$203,PO!$D$4:$D$203,$A12)) | M12: =IF($A12="","",SUMIFS(PO!$N$4:$N$203,PO!$D$4:$D$203,$A12)) | N12: =IF($A12="","",IFERROR($L12/$E12,"")) | O12: =IF($A12="","",IFERROR($E12-$L12,"")) | P12: =IF($A12="","",COUNTIFS(PO!$D$4:$D$203,$A12,PO!$S$4:$S$203,"Đúng hạn")+COUNTIFS(PO!$D$4:$D$203,$A12,PO!$S$4:$S$203,"Giao trễ")+COUNTIFS(PO!$D$4:$D$203,$A12,PO!$S$4:$S$203,"Trễ hạn")) | Q12: =IF($A12="","",COUNTIFS(PO!$D$4:$D$203,$A12,PO!$S$4:$S$203,"Đúng hạn")) | R12: =IF($A12="","",IFERROR($Q12/$P12,"")) | S12: =IF($A12="","",SUMIFS('Thanh toán'!$H$4:$H$203,'Thanh toán'!$D$4:$D$203,$A12)) | T12: =IF($A12="","",SUMIFS('Công nợ'!$I$4:$I$203,'Công nợ'!$B$4:$B$203,$A12)) | U12: =IF($A12="","",SUMIFS('Công nợ'!$I$4:$I$203,'Công nợ'!$B$4:$B$203,$A12,'Công nợ'!$K$4:$K$203,">0"))
A13: =IF('Dự án'!$A13="","",'Dự án'!$A13) | B13: =IF($A13="","",'Dự án'!$B13) | C13: =IF($A13="","",'Dự án'!$C13) | D13: =IF($A13="","",'Dự án'!$H13) | E13: =IF($A13="","",'Dự án'!$G13) | F13: =IF($A13="","",COUNTIFS('Check giá'!$C$4:$C$203,$A13)) | G13: =IF($A13="","",COUNTIFS('Check giá'!$C$4:$C$203,$A13,'Check giá'!$O$4:$O$203,"Đang xử lý")+COUNTIFS('Check giá'!$C$4:$C$203,$A13,'Check giá'!$O$4:$O$203,"Quá hạn chưa trả")) | H13: =IF($A13="","",SUMIFS('Check giá'!$J$4:$J$203,'Check giá'!$C$4:$C$203,$A13)) | I13: =IF($A13="","",COUNTIFS(PR!$D$4:$D$203,$A13)) | J13: =IF($A13="","",SUMIFS(PR!$L$4:$L$203,PR!$D$4:$D$203,$A13)) | K13: =IF($A13="","",COUNTIFS(PO!$D$4:$D$203,$A13)) | L13: =IF($A13="","",SUMIFS(PO!$L$4:$L$203,PO!$D$4:$D$203,$A13)) | M13: =IF($A13="","",SUMIFS(PO!$N$4:$N$203,PO!$D$4:$D$203,$A13)) | N13: =IF($A13="","",IFERROR($L13/$E13,"")) | O13: =IF($A13="","",IFERROR($E13-$L13,"")) | P13: =IF($A13="","",COUNTIFS(PO!$D$4:$D$203,$A13,PO!$S$4:$S$203,"Đúng hạn")+COUNTIFS(PO!$D$4:$D$203,$A13,PO!$S$4:$S$203,"Giao trễ")+COUNTIFS(PO!$D$4:$D$203,$A13,PO!$S$4:$S$203,"Trễ hạn")) | Q13: =IF($A13="","",COUNTIFS(PO!$D$4:$D$203,$A13,PO!$S$4:$S$203,"Đúng hạn")) | R13: =IF($A13="","",IFERROR($Q13/$P13,"")) | S13: =IF($A13="","",SUMIFS('Thanh toán'!$H$4:$H$203,'Thanh toán'!$D$4:$D$203,$A13)) | T13: =IF($A13="","",SUMIFS('Công nợ'!$I$4:$I$203,'Công nợ'!$B$4:$B$203,$A13)) | U13: =IF($A13="","",SUMIFS('Công nợ'!$I$4:$I$203,'Công nợ'!$B$4:$B$203,$A13,'Công nợ'!$K$4:$K$203,">0"))
A14: =IF('Dự án'!$A14="","",'Dự án'!$A14) | B14: =IF($A14="","",'Dự án'!$B14) | C14: =IF($A14="","",'Dự án'!$C14) | D14: =IF($A14="","",'Dự án'!$H14) | E14: =IF($A14="","",'Dự án'!$G14) | F14: =IF($A14="","",COUNTIFS('Check giá'!$C$4:$C$203,$A14)) | G14: =IF($A14="","",COUNTIFS('Check giá'!$C$4:$C$203,$A14,'Check giá'!$O$4:$O$203,"Đang xử lý")+COUNTIFS('Check giá'!$C$4:$C$203,$A14,'Check giá'!$O$4:$O$203,"Quá hạn chưa trả")) | H14: =IF($A14="","",SUMIFS('Check giá'!$J$4:$J$203,'Check giá'!$C$4:$C$203,$A14)) | I14: =IF($A14="","",COUNTIFS(PR!$D$4:$D$203,$A14)) | J14: =IF($A14="","",SUMIFS(PR!$L$4:$L$203,PR!$D$4:$D$203,$A14)) | K14: =IF($A14="","",COUNTIFS(PO!$D$4:$D$203,$A14)) | L14: =IF($A14="","",SUMIFS(PO!$L$4:$L$203,PO!$D$4:$D$203,$A14)) | M14: =IF($A14="","",SUMIFS(PO!$N$4:$N$203,PO!$D$4:$D$203,$A14)) | N14: =IF($A14="","",IFERROR($L14/$E14,"")) | O14: =IF($A14="","",IFERROR($E14-$L14,"")) | P14: =IF($A14="","",COUNTIFS(PO!$D$4:$D$203,$A14,PO!$S$4:$S$203,"Đúng hạn")+COUNTIFS(PO!$D$4:$D$203,$A14,PO!$S$4:$S$203,"Giao trễ")+COUNTIFS(PO!$D$4:$D$203,$A14,PO!$S$4:$S$203,"Trễ hạn")) | Q14: =IF($A14="","",COUNTIFS(PO!$D$4:$D$203,$A14,PO!$S$4:$S$203,"Đúng hạn")) | R14: =IF($A14="","",IFERROR($Q14/$P14,"")) | S14: =IF($A14="","",SUMIFS('Thanh toán'!$H$4:$H$203,'Thanh toán'!$D$4:$D$203,$A14)) | T14: =IF($A14="","",SUMIFS('Công nợ'!$I$4:$I$203,'Công nợ'!$B$4:$B$203,$A14)) | U14: =IF($A14="","",SUMIFS('Công nợ'!$I$4:$I$203,'Công nợ'!$B$4:$B$203,$A14,'Công nợ'!$K$4:$K$203,">0"))
A15: =IF('Dự án'!$A15="","",'Dự án'!$A15) | B15: =IF($A15="","",'Dự án'!$B15) | C15: =IF($A15="","",'Dự án'!$C15) | D15: =IF($A15="","",'Dự án'!$H15) | E15: =IF($A15="","",'Dự án'!$G15) | F15: =IF($A15="","",COUNTIFS('Check giá'!$C$4:$C$203,$A15)) | G15: =IF($A15="","",COUNTIFS('Check giá'!$C$4:$C$203,$A15,'Check giá'!$O$4:$O$203,"Đang xử lý")+COUNTIFS('Check giá'!$C$4:$C$203,$A15,'Check giá'!$O$4:$O$203,"Quá hạn chưa trả")) | H15: =IF($A15="","",SUMIFS('Check giá'!$J$4:$J$203,'Check giá'!$C$4:$C$203,$A15)) | I15: =IF($A15="","",COUNTIFS(PR!$D$4:$D$203,$A15)) | J15: =IF($A15="","",SUMIFS(PR!$L$4:$L$203,PR!$D$4:$D$203,$A15)) | K15: =IF($A15="","",COUNTIFS(PO!$D$4:$D$203,$A15)) | L15: =IF($A15="","",SUMIFS(PO!$L$4:$L$203,PO!$D$4:$D$203,$A15)) | M15: =IF($A15="","",SUMIFS(PO!$N$4:$N$203,PO!$D$4:$D$203,$A15)) | N15: =IF($A15="","",IFERROR($L15/$E15,"")) | O15: =IF($A15="","",IFERROR($E15-$L15,"")) | P15: =IF($A15="","",COUNTIFS(PO!$D$4:$D$203,$A15,PO!$S$4:$S$203,"Đúng hạn")+COUNTIFS(PO!$D$4:$D$203,$A15,PO!$S$4:$S$203,"Giao trễ")+COUNTIFS(PO!$D$4:$D$203,$A15,PO!$S$4:$S$203,"Trễ hạn")) | Q15: =IF($A15="","",COUNTIFS(PO!$D$4:$D$203,$A15,PO!$S$4:$S$203,"Đúng hạn")) | R15: =IF($A15="","",IFERROR($Q15/$P15,"")) | S15: =IF($A15="","",SUMIFS('Thanh toán'!$H$4:$H$203,'Thanh toán'!$D$4:$D$203,$A15)) | T15: =IF($A15="","",SUMIFS('Công nợ'!$I$4:$I$203,'Công nợ'!$B$4:$B$203,$A15)) | U15: =IF($A15="","",SUMIFS('Công nợ'!$I$4:$I$203,'Công nợ'!$B$4:$B$203,$A15,'Công nợ'!$K$4:$K$203,">0"))
... A203: =IF('Dự án'!$A203="","",'Dự án'!$A203) | B203: =IF($A203="","",'Dự án'!$B203) | C203: =IF($A203="","",'Dự án'!$C203) | D203: =IF($A203="","",'Dự án'!$H203) | E203: =IF($A203="","",'Dự án'!$G203) | F203: =IF($A203="","",COUNTIFS('Check giá'!$C$4:$C$203,$A203)) | G203: =IF($A203="","",COUNTIFS('Check giá'!$C$4:$C$203,$A203,'Check giá'!$O$4:$O$203,"Đang xử lý")+COUNTIFS('Check giá'!$C$4:$C$203,$A203,'Check giá'!$O$4:$O$203,"Quá hạn chưa trả")) | H203: =IF($A203="","",SUMIFS('Check giá'!$J$4:$J$203,'Check giá'!$C$4:$C$203,$A203)) | I203: =IF($A203="","",COUNTIFS(PR!$D$4:$D$203,$A203)) | J203: =IF($A203="","",SUMIFS(PR!$L$4:$L$203,PR!$D$4:$D$203,$A203)) | K203: =IF($A203="","",COUNTIFS(PO!$D$4:$D$203,$A203)) | L203: =IF($A203="","",SUMIFS(PO!$L$4:$L$203,PO!$D$4:$D$203,$A203)) | M203: =IF($A203="","",SUMIFS(PO!$N$4:$N$203,PO!$D$4:$D$203,$A203)) | N203: =IF($A203="","",IFERROR($L203/$E203,"")) | O203: =IF($A203="","",IFERROR($E203-$L203,"")) | P203: =IF($A203="","",COUNTIFS(PO!$D$4:$D$203,$A203,PO!$S$4:$S$203,"Đúng hạn")+COUNTIFS(PO!$D$4:$D$203,$A203,PO!$S$4:$S$203,"Giao trễ")+COUNTIFS(PO!$D$4:$D$203,$A203,PO!$S$4:$S$203,"Trễ hạn")) | Q203: =IF($A203="","",COUNTIFS(PO!$D$4:$D$203,$A203,PO!$S$4:$S$203,"Đúng hạn")) | R203: =IF($A203="","",IFERROR($Q203/$P203,"")) | S203: =IF($A203="","",SUMIFS('Thanh toán'!$H$4:$H$203,'Thanh toán'!$D$4:$D$203,$A203)) | T203: =IF($A203="","",SUMIFS('Công nợ'!$I$4:$I$203,'Công nợ'!$B$4:$B$203,$A203)) | U203: =IF($A203="","",SUMIFS('Công nợ'!$I$4:$I$203,'Công nợ'!$B$4:$B$203,$A203,'Công nợ'!$K$4:$K$203,">0"))
