Workbook

Sheet Tổng quan
A1: BÁO CÁO KINH DOANH THNG
A2: Quy trình: Báo giá → PO → Hợp đồng → Tiến độ & Chất lượng → Thanh toán / Công nợ
B4: Năm báo cáo | C4: ='Báo cáo tháng'!$B$1
B6: Số báo giá phát hành | C6: ='Báo cáo tháng'!B16 | E6: Tỷ lệ giao hàng đúng hạn | F6: ='Báo cáo tháng'!J16
B8: Tổng giá trị báo giá (VNĐ) | C8: ='Báo cáo tháng'!C16 | E8: Số PO đang trễ hạn | F8: =COUNTIF('Hợp đồng'!$L$4:$L$203,"Trễ hạn")
B10: Giá trị báo giá thắng (VNĐ) | C10: ='Báo cáo tháng'!E16 | E10: Số PO chất lượng chưa đạt | F10: =COUNTIF('Hợp đồng'!$N$4:$N$203,"Lỗi")
B12: Tỷ lệ thắng thầu (theo giá trị) | C12: ='Báo cáo tháng'!F16 | E12: Đã thu (VNĐ) | F12: ='Công nợ'!D204
B14: Số hợp đồng / PO đã ký | C14: ='Báo cáo tháng'!G16 | E14: Còn phải thu (VNĐ) | F14: ='Công nợ'!E204
B16: Tổng giá trị hợp đồng (VNĐ) | C16: ='Báo cáo tháng'!H16 | E16: Trong đó nợ QUÁ HẠN (VNĐ) | F16: =SUMIFS('Công nợ'!$E$4:$E$203,'Công nợ'!$G$4:$G$203,">0")
B19: Diễn biến theo tháng
B20: Tháng | C20: Giá trị HĐ ký (VNĐ) | E20: Tiền thu được (VNĐ) | F20: Tỷ lệ giao đúng hạn
B21: ='Báo cáo tháng'!A4 | C21: ='Báo cáo tháng'!H4 | E21: ='Báo cáo tháng'!K4 | F21: ='Báo cáo tháng'!J4
B22: ='Báo cáo tháng'!A5 | C22: ='Báo cáo tháng'!H5 | E22: ='Báo cáo tháng'!K5 | F22: ='Báo cáo tháng'!J5
B23: ='Báo cáo tháng'!A6 | C23: ='Báo cáo tháng'!H6 | E23: ='Báo cáo tháng'!K6 | F23: ='Báo cáo tháng'!J6
B24: ='Báo cáo tháng'!A7 | C24: ='Báo cáo tháng'!H7 | E24: ='Báo cáo tháng'!K7 | F24: ='Báo cáo tháng'!J7
B25: ='Báo cáo tháng'!A8 | C25: ='Báo cáo tháng'!H8 | E25: ='Báo cáo tháng'!K8 | F25: ='Báo cáo tháng'!J8
B26: ='Báo cáo tháng'!A9 | C26: ='Báo cáo tháng'!H9 | E26: ='Báo cáo tháng'!K9 | F26: ='Báo cáo tháng'!J9
B27: ='Báo cáo tháng'!A10 | C27: ='Báo cáo tháng'!H10 | E27: ='Báo cáo tháng'!K10 | F27: ='Báo cáo tháng'!J10
B28: ='Báo cáo tháng'!A11 | C28: ='Báo cáo tháng'!H11 | E28: ='Báo cáo tháng'!K11 | F28: ='Báo cáo tháng'!J11
B29: ='Báo cáo tháng'!A12 | C29: ='Báo cáo tháng'!H12 | E29: ='Báo cáo tháng'!K12 | F29: ='Báo cáo tháng'!J12
B30: ='Báo cáo tháng'!A13 | C30: ='Báo cáo tháng'!H13 | E30: ='Báo cáo tháng'!K13 | F30: ='Báo cáo tháng'!J13
B31: ='Báo cáo tháng'!A14 | C31: ='Báo cáo tháng'!H14 | E31: ='Báo cáo tháng'!K14 | F31: ='Báo cáo tháng'!J14
B32: ='Báo cáo tháng'!A15 | C32: ='Báo cáo tháng'!H15 | E32: ='Báo cáo tháng'!K15 | F32: ='Báo cáo tháng'!J15

Sheet Hướng dẫn
A1: HƯỚNG DẪN SỬ DỤNG
A2: Chữ XANH DƯƠNG = ô nhập tay · chữ ĐEN = công thức tự tính · ô VÀNG = tham số · dòng 4 mỗi sheet là ví dụ, xoá nội dung trước khi dùng thật
B4: Sheet | C4: Cách dùng
B5: Khách hàng | C5: Khai báo khách hàng: mã KH, tên, người liên hệ, ĐIỀU KHOẢN THANH TOÁN (số ngày) và hạn mức công nợ. Điều khoản này được dùng để tự tính hạn thanh toán ở sheet Hợp đồng.
B6: Báo giá | C6: Ghi mọi báo giá phát hành. Cột Trạng thái chọn: Đang chào / Thắng / Thua / Huỷ. Khi thắng thì điền Mã PO để nối sang bước sau.
B7: Hợp đồng | C7: Mỗi dòng là 1 PO / hợp đồng. Nhập Mã báo giá để tự kéo khách hàng và giá trị báo giá gốc. Theo dõi ngày giao cam kết - thực tế (tự đánh giá Đúng hạn / Trễ hạn / Giao trễ) và tình trạng chất lượng.
B8: Thanh toán | C8: Sổ thu tiền. Một PO có thể thu nhiều lần, cứ ghi nhiều dòng cùng Mã PO.
B9: Công nợ | C9: Tự tổng hợp theo từng PO: đã thu, còn phải thu, số ngày quá hạn và nhóm tuổi nợ. Không nhập tay.
B10: Báo cáo tháng | C10: 12 tháng: số/giá trị báo giá, tỷ lệ thắng, hợp đồng ký, tỷ lệ giao đúng hạn, tiền thu. Đổi năm ở ô vàng B1.
B11: Thống kê KH | C11: Theo từng khách hàng: giá trị báo giá, tỷ lệ thắng, công nợ, nợ quá hạn và cảnh báo vượt hạn mức.
B12: Tổng quan | C12: Bảng KPI tổng hợp. Không nhập tay.
B14: Lưu ý | C14: Các cột tình trạng dùng đúng từ khoá để công thức nhận diện: Trạng thái báo giá (Đang chào / Thắng / Thua / Huỷ); Chất lượng (Đạt / Đạt có điều kiện / Lỗi / Chưa kiểm). Công thức đã kéo sẵn: Báo giá & Hợp đồng 200 dòng, Thanh toán 300 dòng, Khách hàng 100 dòng.

Sheet Khách hàng
A1: DANH MỤC KHÁCH HÀNG
A2: Toàn bộ bảng là ô nhập tay
A3: Mã KH | B3: Tên khách hàng | C3: Người liên hệ | D3: Điện thoại / Email | E3: Điều khoản TT (số ngày) | F3: Hạn mức công nợ (VNĐ) | G3: Ghi chú | H3: Mã số thuế | I3: Địa chỉ
A4: KH001 | B4: Công ty TNHH ABC | C4: Trần Thị B | D4: 0901234567 | E4: 30 | F4: 500000000 | G4: Khách hàng ví dụ - xoá trước khi dùng | H4: 0312345678 | I4: 123 Đường ABC, Q.1, TP.HCM

Sheet Báo giá
A1: SỔ THEO DÕI BÁO GIÁ
A2: Nhập cột chữ xanh · cột chữ đen tự tính
A3: Mã báo giá | B3: Ngày báo giá | C3: Mã KH | D3: Tên khách hàng | E3: Nội dung / hạng mục | F3: Giá trị trước VAT (VNĐ) | G3: VAT (%) | H3: Giá trị sau VAT (VNĐ) | I3: Hiệu lực đến | J3: Trạng thái | K3: Mã PO (khi thắng) | L3: NV phụ trách | M3: Tháng | N3: Năm | O3: Ghi chú | P3: Ngày chốt đơn | Q3: Tháng chốt | R3: Năm chốt
A4: BG2026-001 | B4: 46027 | C4: KH001 | D4: =IFERROR(INDEX('Khách hàng'!$B$4:$B$103,MATCH($C4,'Khách hàng'!$A$4:$A$103,0)),"") | E4: Cung cấp vật tư theo YCKH ngày 03/01 | F4: 250000000 | G4: 0.08 | H4: =IFERROR($F4*(1+$G4),"") | I4: 46058 | J4: Thắng | K4: PO2026-001 | L4: Nguyễn Văn A | M4: =IFERROR(MONTH($B4),"") | N4: =IFERROR(YEAR($B4),"") | O4: Dòng ví dụ - xoá trước khi dùng | P4: 46037 | Q4: =IFERROR(MONTH(IF($P4="",$B4,$P4)),"") | R4: =IFERROR(YEAR(IF($P4="",$B4,$P4)),"")
D5: =IFERROR(INDEX('Khách hàng'!$B$4:$B$103,MATCH($C5,'Khách hàng'!$A$4:$A$103,0)),"") | H5: =IFERROR($F5*(1+$G5),"") | M5: =IFERROR(MONTH($B5),"") | N5: =IFERROR(YEAR($B5),"") | Q5: =IFERROR(MONTH(IF($P5="",$B5,$P5)),"") | R5: =IFERROR(YEAR(IF($P5="",$B5,$P5)),"")
D6: =IFERROR(INDEX('Khách hàng'!$B$4:$B$103,MATCH($C6,'Khách hàng'!$A$4:$A$103,0)),"") | H6: =IFERROR($F6*(1+$G6),"") | M6: =IFERROR(MONTH($B6),"") | N6: =IFERROR(YEAR($B6),"") | Q6: =IFERROR(MONTH(IF($P6="",$B6,$P6)),"") | R6: =IFERROR(YEAR(IF($P6="",$B6,$P6)),"")
D7: =IFERROR(INDEX('Khách hàng'!$B$4:$B$103,MATCH($C7,'Khách hàng'!$A$4:$A$103,0)),"") | H7: =IFERROR($F7*(1+$G7),"") | M7: =IFERROR(MONTH($B7),"") | N7: =IFERROR(YEAR($B7),"") | Q7: =IFERROR(MONTH(IF($P7="",$B7,$P7)),"") | R7: =IFERROR(YEAR(IF($P7="",$B7,$P7)),"")
D8: =IFERROR(INDEX('Khách hàng'!$B$4:$B$103,MATCH($C8,'Khách hàng'!$A$4:$A$103,0)),"") | H8: =IFERROR($F8*(1+$G8),"") | M8: =IFERROR(MONTH($B8),"") | N8: =IFERROR(YEAR($B8),"") | Q8: =IFERROR(MONTH(IF($P8="",$B8,$P8)),"") | R8: =IFERROR(YEAR(IF($P8="",$B8,$P8)),"")
D9: =IFERROR(INDEX('Khách hàng'!$B$4:$B$103,MATCH($C9,'Khách hàng'!$A$4:$A$103,0)),"") | H9: =IFERROR($F9*(1+$G9),"") | M9: =IFERROR(MONTH($B9),"") | N9: =IFERROR(YEAR($B9),"") | Q9: =IFERROR(MONTH(IF($P9="",$B9,$P9)),"") | R9: =IFERROR(YEAR(IF($P9="",$B9,$P9)),"")
D10: =IFERROR(INDEX('Khách hàng'!$B$4:$B$103,MATCH($C10,'Khách hàng'!$A$4:$A$103,0)),"") | H10: =IFERROR($F10*(1+$G10),"") | M10: =IFERROR(MONTH($B10),"") | N10: =IFERROR(YEAR($B10),"") | Q10: =IFERROR(MONTH(IF($P10="",$B10,$P10)),"") | R10: =IFERROR(YEAR(IF($P10="",$B10,$P10)),"")
D11: =IFERROR(INDEX('Khách hàng'!$B$4:$B$103,MATCH($C11,'Khách hàng'!$A$4:$A$103,0)),"") | H11: =IFERROR($F11*(1+$G11),"") | M11: =IFERROR(MONTH($B11),"") | N11: =IFERROR(YEAR($B11),"") | Q11: =IFERROR(MONTH(IF($P11="",$B11,$P11)),"") | R11: =IFERROR(YEAR(IF($P11="",$B11,$P11)),"")
D12: =IFERROR(INDEX('Khách hàng'!$B$4:$B$103,MATCH($C12,'Khách hàng'!$A$4:$A$103,0)),"") | H12: =IFERROR($F12*(1+$G12),"") | M12: =IFERROR(MONTH($B12),"") | N12: =IFERROR(YEAR($B12),"") | Q12: =IFERROR(MONTH(IF($P12="",$B12,$P12)),"") | R12: =IFERROR(YEAR(IF($P12="",$B12,$P12)),"")
D13: =IFERROR(INDEX('Khách hàng'!$B$4:$B$103,MATCH($C13,'Khách hàng'!$A$4:$A$103,0)),"") | H13: =IFERROR($F13*(1+$G13),"") | M13: =IFERROR(MONTH($B13),"") | N13: =IFERROR(YEAR($B13),"") | Q13: =IFERROR(MONTH(IF($P13="",$B13,$P13)),"") | R13: =IFERROR(YEAR(IF($P13="",$B13,$P13)),"")
D14: =IFERROR(INDEX('Khách hàng'!$B$4:$B$103,MATCH($C14,'Khách hàng'!$A$4:$A$103,0)),"") | H14: =IFERROR($F14*(1+$G14),"") | M14: =IFERROR(MONTH($B14),"") | N14: =IFERROR(YEAR($B14),"") | Q14: =IFERROR(MONTH(IF($P14="",$B14,$P14)),"") | R14: =IFERROR(YEAR(IF($P14="",$B14,$P14)),"")
D15: =IFERROR(INDEX('Khách hàng'!$B$4:$B$103,MATCH($C15,'Khách hàng'!$A$4:$A$103,0)),"") | H15: =IFERROR($F15*(1+$G15),"") | M15: =IFERROR(MONTH($B15),"") | N15: =IFERROR(YEAR($B15),"") | Q15: =IFERROR(MONTH(IF($P15="",$B15,$P15)),"") | R15: =IFERROR(YEAR(IF($P15="",$B15,$P15)),"")
D16: =IFERROR(INDEX('Khách hàng'!$B$4:$B$103,MATCH($C16,'Khách hàng'!$A$4:$A$103,0)),"") | H16: =IFERROR($F16*(1+$G16),"") | M16: =IFERROR(MONTH($B16),"") | N16: =IFERROR(YEAR($B16),"") | Q16: =IFERROR(MONTH(IF($P16="",$B16,$P16)),"") | R16: =IFERROR(YEAR(IF($P16="",$B16,$P16)),"")
... D203: =IFERROR(INDEX('Khách hàng'!$B$4:$B$103,MATCH($C203,'Khách hàng'!$A$4:$A$103,0)),"") | H203: =IFERROR($F203*(1+$G203),"") | M203: =IFERROR(MONTH($B203),"") | N203: =IFERROR(YEAR($B203),"") | Q203: =IFERROR(MONTH(IF($P203="",$B203,$P203)),"") | R203: =IFERROR(YEAR(IF($P203="",$B203,$P203)),"")

Sheet Hợp đồng
A1: THEO DÕI PO / HỢP ĐỒNG - TIẾN ĐỘ - CHẤT LƯỢNG
A2: Nhập Mã báo giá để tự kéo khách hàng · tình trạng tiến độ tự đánh giá theo ngày cam kết
A3: Mã PO | B3: Ngày nhận PO | C3: Mã báo giá | D3: Mã KH | E3: Tên khách hàng | F3: Số hợp đồng | G3: Ngày ký HĐ | H3: Giá trị hợp đồng (VNĐ) | I3: Giá trị báo giá gốc (VNĐ) | J3: Ngày giao cam kết | K3: Ngày giao thực tế | L3: Tình trạng tiến độ | M3: Số ngày trễ | N3: Tình trạng chất lượng | O3: Tỷ lệ hàng lỗi | P3: Hạn thanh toán | Q3: Tháng ký | R3: Năm ký | S3: Ghi chú | T3: Mô tả hàng hóa | U3: Số lượng | V3: Đơn giá | W3: VAT | X3: Ngày dự kiến hàng về | Y3: Ngày hóa đơn | Z3: Công nợ (số ngày)
A4: PO2026-001 | B4: 46032 | C4: BG2026-001 | D4: =IFERROR(INDEX('Báo giá'!$C$4:$C$203,MATCH($C4,'Báo giá'!$A$4:$A$203,0)),"") | E4: =IFERROR(INDEX('Khách hàng'!$B$4:$B$103,MATCH($D4,'Khách hàng'!$A$4:$A$103,0)),"") | F4: HĐ01/2026 | G4: 46034 | H4: 270000000 | I4: =IFERROR(INDEX('Báo giá'!$H$4:$H$203,MATCH($C4,'Báo giá'!$A$4:$A$203,0)),"") | J4: 46068 | K4: 46067 | L4: =IF($A4="","",IF($K4="",IF($J4="","Chưa có kế hoạch",IF(TODAY()>$J4,"Trễ hạn","Đang thực hiện")),IF($K4<=$J4,"Đúng hạn","Giao trễ"))) | M4: =IF($A4="","",IF($K4="",IF($J4="",0,MAX(0,TODAY()-$J4)),MAX(0,$K4-$J4))) | N4: Đạt | O4: 0 | P4: =IF($A4="","",IF(IF($Y4="",$K4,$Y4)="","",IF($Y4="",$K4,$Y4)+IF($Z4="",0,$Z4))) | Q4: =IFERROR(MONTH($G4),"") | R4: =IFERROR(YEAR($G4),"") | S4: Dòng ví dụ - xoá trước khi dùng | T4: =IFERROR(INDEX('Báo giá'!$E$4:$E$203,MATCH($C4,'Báo giá'!$A$4:$A$203,0)),"") | U4: 100 | V4: 2700000 | W4: =IFERROR(INDEX('Báo giá'!$G$4:$G$203,MATCH($C4,'Báo giá'!$A$4:$A$203,0)),"") | Y4: 46069 | Z4: 30
D5: =IFERROR(INDEX('Báo giá'!$C$4:$C$203,MATCH($C5,'Báo giá'!$A$4:$A$203,0)),"") | E5: =IFERROR(INDEX('Khách hàng'!$B$4:$B$103,MATCH($D5,'Khách hàng'!$A$4:$A$103,0)),"") | I5: =IFERROR(INDEX('Báo giá'!$H$4:$H$203,MATCH($C5,'Báo giá'!$A$4:$A$203,0)),"") | L5: =IF($A5="","",IF($K5="",IF($J5="","Chưa có kế hoạch",IF(TODAY()>$J5,"Trễ hạn","Đang thực hiện")),IF($K5<=$J5,"Đúng hạn","Giao trễ"))) | M5: =IF($A5="","",IF($K5="",IF($J5="",0,MAX(0,TODAY()-$J5)),MAX(0,$K5-$J5))) | P5: =IF($A5="","",IF(IF($Y5="",$K5,$Y5)="","",IF($Y5="",$K5,$Y5)+IF($Z5="",0,$Z5))) | Q5: =IFERROR(MONTH($G5),"") | R5: =IFERROR(YEAR($G5),"") | T5: =IFERROR(INDEX('Báo giá'!$E$4:$E$203,MATCH($C5,'Báo giá'!$A$4:$A$203,0)),"") | W5: =IFERROR(INDEX('Báo giá'!$G$4:$G$203,MATCH($C5,'Báo giá'!$A$4:$A$203,0)),"")
D6: =IFERROR(INDEX('Báo giá'!$C$4:$C$203,MATCH($C6,'Báo giá'!$A$4:$A$203,0)),"") | E6: =IFERROR(INDEX('Khách hàng'!$B$4:$B$103,MATCH($D6,'Khách hàng'!$A$4:$A$103,0)),"") | I6: =IFERROR(INDEX('Báo giá'!$H$4:$H$203,MATCH($C6,'Báo giá'!$A$4:$A$203,0)),"") | L6: =IF($A6="","",IF($K6="",IF($J6="","Chưa có kế hoạch",IF(TODAY()>$J6,"Trễ hạn","Đang thực hiện")),IF($K6<=$J6,"Đúng hạn","Giao trễ"))) | M6: =IF($A6="","",IF($K6="",IF($J6="",0,MAX(0,TODAY()-$J6)),MAX(0,$K6-$J6))) | P6: =IF($A6="","",IF(IF($Y6="",$K6,$Y6)="","",IF($Y6="",$K6,$Y6)+IF($Z6="",0,$Z6))) | Q6: =IFERROR(MONTH($G6),"") | R6: =IFERROR(YEAR($G6),"") | T6: =IFERROR(INDEX('Báo giá'!$E$4:$E$203,MATCH($C6,'Báo giá'!$A$4:$A$203,0)),"") | W6: =IFERROR(INDEX('Báo giá'!$G$4:$G$203,MATCH($C6,'Báo giá'!$A$4:$A$203,0)),"")
D7: =IFERROR(INDEX('Báo giá'!$C$4:$C$203,MATCH($C7,'Báo giá'!$A$4:$A$203,0)),"") | E7: =IFERROR(INDEX('Khách hàng'!$B$4:$B$103,MATCH($D7,'Khách hàng'!$A$4:$A$103,0)),"") | I7: =IFERROR(INDEX('Báo giá'!$H$4:$H$203,MATCH($C7,'Báo giá'!$A$4:$A$203,0)),"") | L7: =IF($A7="","",IF($K7="",IF($J7="","Chưa có kế hoạch",IF(TODAY()>$J7,"Trễ hạn","Đang thực hiện")),IF($K7<=$J7,"Đúng hạn","Giao trễ"))) | M7: =IF($A7="","",IF($K7="",IF($J7="",0,MAX(0,TODAY()-$J7)),MAX(0,$K7-$J7))) | P7: =IF($A7="","",IF(IF($Y7="",$K7,$Y7)="","",IF($Y7="",$K7,$Y7)+IF($Z7="",0,$Z7))) | Q7: =IFERROR(MONTH($G7),"") | R7: =IFERROR(YEAR($G7),"") | T7: =IFERROR(INDEX('Báo giá'!$E$4:$E$203,MATCH($C7,'Báo giá'!$A$4:$A$203,0)),"") | W7: =IFERROR(INDEX('Báo giá'!$G$4:$G$203,MATCH($C7,'Báo giá'!$A$4:$A$203,0)),"")
D8: =IFERROR(INDEX('Báo giá'!$C$4:$C$203,MATCH($C8,'Báo giá'!$A$4:$A$203,0)),"") | E8: =IFERROR(INDEX('Khách hàng'!$B$4:$B$103,MATCH($D8,'Khách hàng'!$A$4:$A$103,0)),"") | I8: =IFERROR(INDEX('Báo giá'!$H$4:$H$203,MATCH($C8,'Báo giá'!$A$4:$A$203,0)),"") | L8: =IF($A8="","",IF($K8="",IF($J8="","Chưa có kế hoạch",IF(TODAY()>$J8,"Trễ hạn","Đang thực hiện")),IF($K8<=$J8,"Đúng hạn","Giao trễ"))) | M8: =IF($A8="","",IF($K8="",IF($J8="",0,MAX(0,TODAY()-$J8)),MAX(0,$K8-$J8))) | P8: =IF($A8="","",IF(IF($Y8="",$K8,$Y8)="","",IF($Y8="",$K8,$Y8)+IF($Z8="",0,$Z8))) | Q8: =IFERROR(MONTH($G8),"") | R8: =IFERROR(YEAR($G8),"") | T8: =IFERROR(INDEX('Báo giá'!$E$4:$E$203,MATCH($C8,'Báo giá'!$A$4:$A$203,0)),"") | W8: =IFERROR(INDEX('Báo giá'!$G$4:$G$203,MATCH($C8,'Báo giá'!$A$4:$A$203,0)),"")
D9: =IFERROR(INDEX('Báo giá'!$C$4:$C$203,MATCH($C9,'Báo giá'!$A$4:$A$203,0)),"") | E9: =IFERROR(INDEX('Khách hàng'!$B$4:$B$103,MATCH($D9,'Khách hàng'!$A$4:$A$103,0)),"") | I9: =IFERROR(INDEX('Báo giá'!$H$4:$H$203,MATCH($C9,'Báo giá'!$A$4:$A$203,0)),"") | L9: =IF($A9="","",IF($K9="",IF($J9="","Chưa có kế hoạch",IF(TODAY()>$J9,"Trễ hạn","Đang thực hiện")),IF($K9<=$J9,"Đúng hạn","Giao trễ"))) | M9: =IF($A9="","",IF($K9="",IF($J9="",0,MAX(0,TODAY()-$J9)),MAX(0,$K9-$J9))) | P9: =IF($A9="","",IF(IF($Y9="",$K9,$Y9)="","",IF($Y9="",$K9,$Y9)+IF($Z9="",0,$Z9))) | Q9: =IFERROR(MONTH($G9),"") | R9: =IFERROR(YEAR($G9),"") | T9: =IFERROR(INDEX('Báo giá'!$E$4:$E$203,MATCH($C9,'Báo giá'!$A$4:$A$203,0)),"") | W9: =IFERROR(INDEX('Báo giá'!$G$4:$G$203,MATCH($C9,'Báo giá'!$A$4:$A$203,0)),"")
D10: =IFERROR(INDEX('Báo giá'!$C$4:$C$203,MATCH($C10,'Báo giá'!$A$4:$A$203,0)),"") | E10: =IFERROR(INDEX('Khách hàng'!$B$4:$B$103,MATCH($D10,'Khách hàng'!$A$4:$A$103,0)),"") | I10: =IFERROR(INDEX('Báo giá'!$H$4:$H$203,MATCH($C10,'Báo giá'!$A$4:$A$203,0)),"") | L10: =IF($A10="","",IF($K10="",IF($J10="","Chưa có kế hoạch",IF(TODAY()>$J10,"Trễ hạn","Đang thực hiện")),IF($K10<=$J10,"Đúng hạn","Giao trễ"))) | M10: =IF($A10="","",IF($K10="",IF($J10="",0,MAX(0,TODAY()-$J10)),MAX(0,$K10-$J10))) | P10: =IF($A10="","",IF(IF($Y10="",$K10,$Y10)="","",IF($Y10="",$K10,$Y10)+IF($Z10="",0,$Z10))) | Q10: =IFERROR(MONTH($G10),"") | R10: =IFERROR(YEAR($G10),"") | T10: =IFERROR(INDEX('Báo giá'!$E$4:$E$203,MATCH($C10,'Báo giá'!$A$4:$A$203,0)),"") | W10: =IFERROR(INDEX('Báo giá'!$G$4:$G$203,MATCH($C10,'Báo giá'!$A$4:$A$203,0)),"")
D11: =IFERROR(INDEX('Báo giá'!$C$4:$C$203,MATCH($C11,'Báo giá'!$A$4:$A$203,0)),"") | E11: =IFERROR(INDEX('Khách hàng'!$B$4:$B$103,MATCH($D11,'Khách hàng'!$A$4:$A$103,0)),"") | I11: =IFERROR(INDEX('Báo giá'!$H$4:$H$203,MATCH($C11,'Báo giá'!$A$4:$A$203,0)),"") | L11: =IF($A11="","",IF($K11="",IF($J11="","Chưa có kế hoạch",IF(TODAY()>$J11,"Trễ hạn","Đang thực hiện")),IF($K11<=$J11,"Đúng hạn","Giao trễ"))) | M11: =IF($A11="","",IF($K11="",IF($J11="",0,MAX(0,TODAY()-$J11)),MAX(0,$K11-$J11))) | P11: =IF($A11="","",IF(IF($Y11="",$K11,$Y11)="","",IF($Y11="",$K11,$Y11)+IF($Z11="",0,$Z11))) | Q11: =IFERROR(MONTH($G11),"") | R11: =IFERROR(YEAR($G11),"") | T11: =IFERROR(INDEX('Báo giá'!$E$4:$E$203,MATCH($C11,'Báo giá'!$A$4:$A$203,0)),"") | W11: =IFERROR(INDEX('Báo giá'!$G$4:$G$203,MATCH($C11,'Báo giá'!$A$4:$A$203,0)),"")
D12: =IFERROR(INDEX('Báo giá'!$C$4:$C$203,MATCH($C12,'Báo giá'!$A$4:$A$203,0)),"") | E12: =IFERROR(INDEX('Khách hàng'!$B$4:$B$103,MATCH($D12,'Khách hàng'!$A$4:$A$103,0)),"") | I12: =IFERROR(INDEX('Báo giá'!$H$4:$H$203,MATCH($C12,'Báo giá'!$A$4:$A$203,0)),"") | L12: =IF($A12="","",IF($K12="",IF($J12="","Chưa có kế hoạch",IF(TODAY()>$J12,"Trễ hạn","Đang thực hiện")),IF($K12<=$J12,"Đúng hạn","Giao trễ"))) | M12: =IF($A12="","",IF($K12="",IF($J12="",0,MAX(0,TODAY()-$J12)),MAX(0,$K12-$J12))) | P12: =IF($A12="","",IF(IF($Y12="",$K12,$Y12)="","",IF($Y12="",$K12,$Y12)+IF($Z12="",0,$Z12))) | Q12: =IFERROR(MONTH($G12),"") | R12: =IFERROR(YEAR($G12),"") | T12: =IFERROR(INDEX('Báo giá'!$E$4:$E$203,MATCH($C12,'Báo giá'!$A$4:$A$203,0)),"") | W12: =IFERROR(INDEX('Báo giá'!$G$4:$G$203,MATCH($C12,'Báo giá'!$A$4:$A$203,0)),"")
D13: =IFERROR(INDEX('Báo giá'!$C$4:$C$203,MATCH($C13,'Báo giá'!$A$4:$A$203,0)),"") | E13: =IFERROR(INDEX('Khách hàng'!$B$4:$B$103,MATCH($D13,'Khách hàng'!$A$4:$A$103,0)),"") | I13: =IFERROR(INDEX('Báo giá'!$H$4:$H$203,MATCH($C13,'Báo giá'!$A$4:$A$203,0)),"") | L13: =IF($A13="","",IF($K13="",IF($J13="","Chưa có kế hoạch",IF(TODAY()>$J13,"Trễ hạn","Đang thực hiện")),IF($K13<=$J13,"Đúng hạn","Giao trễ"))) | M13: =IF($A13="","",IF($K13="",IF($J13="",0,MAX(0,TODAY()-$J13)),MAX(0,$K13-$J13))) | P13: =IF($A13="","",IF(IF($Y13="",$K13,$Y13)="","",IF($Y13="",$K13,$Y13)+IF($Z13="",0,$Z13))) | Q13: =IFERROR(MONTH($G13),"") | R13: =IFERROR(YEAR($G13),"") | T13: =IFERROR(INDEX('Báo giá'!$E$4:$E$203,MATCH($C13,'Báo giá'!$A$4:$A$203,0)),"") | W13: =IFERROR(INDEX('Báo giá'!$G$4:$G$203,MATCH($C13,'Báo giá'!$A$4:$A$203,0)),"")
D14: =IFERROR(INDEX('Báo giá'!$C$4:$C$203,MATCH($C14,'Báo giá'!$A$4:$A$203,0)),"") | E14: =IFERROR(INDEX('Khách hàng'!$B$4:$B$103,MATCH($D14,'Khách hàng'!$A$4:$A$103,0)),"") | I14: =IFERROR(INDEX('Báo giá'!$H$4:$H$203,MATCH($C14,'Báo giá'!$A$4:$A$203,0)),"") | L14: =IF($A14="","",IF($K14="",IF($J14="","Chưa có kế hoạch",IF(TODAY()>$J14,"Trễ hạn","Đang thực hiện")),IF($K14<=$J14,"Đúng hạn","Giao trễ"))) | M14: =IF($A14="","",IF($K14="",IF($J14="",0,MAX(0,TODAY()-$J14)),MAX(0,$K14-$J14))) | P14: =IF($A14="","",IF(IF($Y14="",$K14,$Y14)="","",IF($Y14="",$K14,$Y14)+IF($Z14="",0,$Z14))) | Q14: =IFERROR(MONTH($G14),"") | R14: =IFERROR(YEAR($G14),"") | T14: =IFERROR(INDEX('Báo giá'!$E$4:$E$203,MATCH($C14,'Báo giá'!$A$4:$A$203,0)),"") | W14: =IFERROR(INDEX('Báo giá'!$G$4:$G$203,MATCH($C14,'Báo giá'!$A$4:$A$203,0)),"")
D15: =IFERROR(INDEX('Báo giá'!$C$4:$C$203,MATCH($C15,'Báo giá'!$A$4:$A$203,0)),"") | E15: =IFERROR(INDEX('Khách hàng'!$B$4:$B$103,MATCH($D15,'Khách hàng'!$A$4:$A$103,0)),"") | I15: =IFERROR(INDEX('Báo giá'!$H$4:$H$203,MATCH($C15,'Báo giá'!$A$4:$A$203,0)),"") | L15: =IF($A15="","",IF($K15="",IF($J15="","Chưa có kế hoạch",IF(TODAY()>$J15,"Trễ hạn","Đang thực hiện")),IF($K15<=$J15,"Đúng hạn","Giao trễ"))) | M15: =IF($A15="","",IF($K15="",IF($J15="",0,MAX(0,TODAY()-$J15)),MAX(0,$K15-$J15))) | P15: =IF($A15="","",IF(IF($Y15="",$K15,$Y15)="","",IF($Y15="",$K15,$Y15)+IF($Z15="",0,$Z15))) | Q15: =IFERROR(MONTH($G15),"") | R15: =IFERROR(YEAR($G15),"") | T15: =IFERROR(INDEX('Báo giá'!$E$4:$E$203,MATCH($C15,'Báo giá'!$A$4:$A$203,0)),"") | W15: =IFERROR(INDEX('Báo giá'!$G$4:$G$203,MATCH($C15,'Báo giá'!$A$4:$A$203,0)),"")
D16: =IFERROR(INDEX('Báo giá'!$C$4:$C$203,MATCH($C16,'Báo giá'!$A$4:$A$203,0)),"") | E16: =IFERROR(INDEX('Khách hàng'!$B$4:$B$103,MATCH($D16,'Khách hàng'!$A$4:$A$103,0)),"") | I16: =IFERROR(INDEX('Báo giá'!$H$4:$H$203,MATCH($C16,'Báo giá'!$A$4:$A$203,0)),"") | L16: =IF($A16="","",IF($K16="",IF($J16="","Chưa có kế hoạch",IF(TODAY()>$J16,"Trễ hạn","Đang thực hiện")),IF($K16<=$J16,"Đúng hạn","Giao trễ"))) | M16: =IF($A16="","",IF($K16="",IF($J16="",0,MAX(0,TODAY()-$J16)),MAX(0,$K16-$J16))) | P16: =IF($A16="","",IF(IF($Y16="",$K16,$Y16)="","",IF($Y16="",$K16,$Y16)+IF($Z16="",0,$Z16))) | Q16: =IFERROR(MONTH($G16),"") | R16: =IFERROR(YEAR($G16),"") | T16: =IFERROR(INDEX('Báo giá'!$E$4:$E$203,MATCH($C16,'Báo giá'!$A$4:$A$203,0)),"") | W16: =IFERROR(INDEX('Báo giá'!$G$4:$G$203,MATCH($C16,'Báo giá'!$A$4:$A$203,0)),"")
... D203: =IFERROR(INDEX('Báo giá'!$C$4:$C$203,MATCH($C203,'Báo giá'!$A$4:$A$203,0)),"") | E203: =IFERROR(INDEX('Khách hàng'!$B$4:$B$103,MATCH($D203,'Khách hàng'!$A$4:$A$103,0)),"") | I203: =IFERROR(INDEX('Báo giá'!$H$4:$H$203,MATCH($C203,'Báo giá'!$A$4:$A$203,0)),"") | L203: =IF($A203="","",IF($K203="",IF($J203="","Chưa có kế hoạch",IF(TODAY()>$J203,"Trễ hạn","Đang thực hiện")),IF($K203<=$J203,"Đúng hạn","Giao trễ"))) | M203: =IF($A203="","",IF($K203="",IF($J203="",0,MAX(0,TODAY()-$J203)),MAX(0,$K203-$J203))) | P203: =IF($A203="","",IF(IF($Y203="",$K203,$Y203)="","",IF($Y203="",$K203,$Y203)+IF($Z203="",0,$Z203))) | Q203: =IFERROR(MONTH($G203),"") | R203: =IFERROR(YEAR($G203),"") | T203: =IFERROR(INDEX('Báo giá'!$E$4:$E$203,MATCH($C203,'Báo giá'!$A$4:$A$203,0)),"") | W203: =IFERROR(INDEX('Báo giá'!$G$4:$G$203,MATCH($C203,'Báo giá'!$A$4:$A$203,0)),"")

Sheet Thanh toán
A1: SỔ THU TIỀN
A2: Một PO có thể thu nhiều đợt - ghi nhiều dòng cùng Mã PO
A3: Mã phiếu thu | B3: Ngày thu | C3: Mã PO | D3: Khách hàng | E3: Số tiền thu (VNĐ) | F3: Hình thức | G3: Đợt / nội dung | H3: Tháng | I3: Năm
A4: PT2026-001 | B4: 46042 | C4: PO2026-001 | D4: =IFERROR(INDEX('Hợp đồng'!$E$4:$E$203,MATCH($C4,'Hợp đồng'!$A$4:$A$203,0)),"") | E4: 135000000 | F4: Chuyển khoản | G4: Tạm ứng 50% | H4: =IFERROR(MONTH($B4),"") | I4: =IFERROR(YEAR($B4),"")
D5: =IFERROR(INDEX('Hợp đồng'!$E$4:$E$203,MATCH($C5,'Hợp đồng'!$A$4:$A$203,0)),"") | H5: =IFERROR(MONTH($B5),"") | I5: =IFERROR(YEAR($B5),"")
D6: =IFERROR(INDEX('Hợp đồng'!$E$4:$E$203,MATCH($C6,'Hợp đồng'!$A$4:$A$203,0)),"") | H6: =IFERROR(MONTH($B6),"") | I6: =IFERROR(YEAR($B6),"")
D7: =IFERROR(INDEX('Hợp đồng'!$E$4:$E$203,MATCH($C7,'Hợp đồng'!$A$4:$A$203,0)),"") | H7: =IFERROR(MONTH($B7),"") | I7: =IFERROR(YEAR($B7),"")
D8: =IFERROR(INDEX('Hợp đồng'!$E$4:$E$203,MATCH($C8,'Hợp đồng'!$A$4:$A$203,0)),"") | H8: =IFERROR(MONTH($B8),"") | I8: =IFERROR(YEAR($B8),"")
D9: =IFERROR(INDEX('Hợp đồng'!$E$4:$E$203,MATCH($C9,'Hợp đồng'!$A$4:$A$203,0)),"") | H9: =IFERROR(MONTH($B9),"") | I9: =IFERROR(YEAR($B9),"")
D10: =IFERROR(INDEX('Hợp đồng'!$E$4:$E$203,MATCH($C10,'Hợp đồng'!$A$4:$A$203,0)),"") | H10: =IFERROR(MONTH($B10),"") | I10: =IFERROR(YEAR($B10),"")
D11: =IFERROR(INDEX('Hợp đồng'!$E$4:$E$203,MATCH($C11,'Hợp đồng'!$A$4:$A$203,0)),"") | H11: =IFERROR(MONTH($B11),"") | I11: =IFERROR(YEAR($B11),"")
D12: =IFERROR(INDEX('Hợp đồng'!$E$4:$E$203,MATCH($C12,'Hợp đồng'!$A$4:$A$203,0)),"") | H12: =IFERROR(MONTH($B12),"") | I12: =IFERROR(YEAR($B12),"")
D13: =IFERROR(INDEX('Hợp đồng'!$E$4:$E$203,MATCH($C13,'Hợp đồng'!$A$4:$A$203,0)),"") | H13: =IFERROR(MONTH($B13),"") | I13: =IFERROR(YEAR($B13),"")
D14: =IFERROR(INDEX('Hợp đồng'!$E$4:$E$203,MATCH($C14,'Hợp đồng'!$A$4:$A$203,0)),"") | H14: =IFERROR(MONTH($B14),"") | I14: =IFERROR(YEAR($B14),"")
D15: =IFERROR(INDEX('Hợp đồng'!$E$4:$E$203,MATCH($C15,'Hợp đồng'!$A$4:$A$203,0)),"") | H15: =IFERROR(MONTH($B15),"") | I15: =IFERROR(YEAR($B15),"")
D16: =IFERROR(INDEX('Hợp đồng'!$E$4:$E$203,MATCH($C16,'Hợp đồng'!$A$4:$A$203,0)),"") | H16: =IFERROR(MONTH($B16),"") | I16: =IFERROR(YEAR($B16),"")
... D303: =IFERROR(INDEX('Hợp đồng'!$E$4:$E$203,MATCH($C303,'Hợp đồng'!$A$4:$A$203,0)),"") | H303: =IFERROR(MONTH($B303),"") | I303: =IFERROR(YEAR($B303),"")

Sheet Công nợ
A1: THEO DÕI CÔNG NỢ THEO PO
A2: Toàn bộ tự động - số ngày quá hạn tính theo ngày hiện tại
A3: Mã PO | B3: Khách hàng | C3: Giá trị hợp đồng (VNĐ) | D3: Đã thu (VNĐ) | E3: Còn phải thu (VNĐ) | F3: Hạn thanh toán | G3: Số ngày quá hạn | H3: Nhóm tuổi nợ | I3: % đã thu
A4: =IF('Hợp đồng'!A4="","",'Hợp đồng'!A4) | B4: =IF($A4="","",'Hợp đồng'!E4) | C4: =IF($A4="","",'Hợp đồng'!H4) | D4: =IF($A4="","",SUMIFS('Thanh toán'!$E$4:$E$303,'Thanh toán'!$C$4:$C$303,$A4)) | E4: =IF($A4="","",$C4-$D4) | F4: =IF($A4="","",'Hợp đồng'!P4) | G4: =IF($A4="",0,IF($E4<=0,0,IF($F4="",0,MAX(0,TODAY()-$F4)))) | H4: =IF($A4="","",IF($E4<=0,"Đã thu đủ",IF($G4=0,"Trong hạn",IF($G4<=30,"Quá hạn 1-30 ngày",IF($G4<=60,"Quá hạn 31-60 ngày",IF($G4<=90,"Quá hạn 61-90 ngày","Quá hạn trên 90 ngày")))))) | I4: =IFERROR($D4/$C4,"")
A5: =IF('Hợp đồng'!A5="","",'Hợp đồng'!A5) | B5: =IF($A5="","",'Hợp đồng'!E5) | C5: =IF($A5="","",'Hợp đồng'!H5) | D5: =IF($A5="","",SUMIFS('Thanh toán'!$E$4:$E$303,'Thanh toán'!$C$4:$C$303,$A5)) | E5: =IF($A5="","",$C5-$D5) | F5: =IF($A5="","",'Hợp đồng'!P5) | G5: =IF($A5="",0,IF($E5<=0,0,IF($F5="",0,MAX(0,TODAY()-$F5)))) | H5: =IF($A5="","",IF($E5<=0,"Đã thu đủ",IF($G5=0,"Trong hạn",IF($G5<=30,"Quá hạn 1-30 ngày",IF($G5<=60,"Quá hạn 31-60 ngày",IF($G5<=90,"Quá hạn 61-90 ngày","Quá hạn trên 90 ngày")))))) | I5: =IFERROR($D5/$C5,"")
A6: =IF('Hợp đồng'!A6="","",'Hợp đồng'!A6) | B6: =IF($A6="","",'Hợp đồng'!E6) | C6: =IF($A6="","",'Hợp đồng'!H6) | D6: =IF($A6="","",SUMIFS('Thanh toán'!$E$4:$E$303,'Thanh toán'!$C$4:$C$303,$A6)) | E6: =IF($A6="","",$C6-$D6) | F6: =IF($A6="","",'Hợp đồng'!P6) | G6: =IF($A6="",0,IF($E6<=0,0,IF($F6="",0,MAX(0,TODAY()-$F6)))) | H6: =IF($A6="","",IF($E6<=0,"Đã thu đủ",IF($G6=0,"Trong hạn",IF($G6<=30,"Quá hạn 1-30 ngày",IF($G6<=60,"Quá hạn 31-60 ngày",IF($G6<=90,"Quá hạn 61-90 ngày","Quá hạn trên 90 ngày")))))) | I6: =IFERROR($D6/$C6,"")
A7: =IF('Hợp đồng'!A7="","",'Hợp đồng'!A7) | B7: =IF($A7="","",'Hợp đồng'!E7) | C7: =IF($A7="","",'Hợp đồng'!H7) | D7: =IF($A7="","",SUMIFS('Thanh toán'!$E$4:$E$303,'Thanh toán'!$C$4:$C$303,$A7)) | E7: =IF($A7="","",$C7-$D7) | F7: =IF($A7="","",'Hợp đồng'!P7) | G7: =IF($A7="",0,IF($E7<=0,0,IF($F7="",0,MAX(0,TODAY()-$F7)))) | H7: =IF($A7="","",IF($E7<=0,"Đã thu đủ",IF($G7=0,"Trong hạn",IF($G7<=30,"Quá hạn 1-30 ngày",IF($G7<=60,"Quá hạn 31-60 ngày",IF($G7<=90,"Quá hạn 61-90 ngày","Quá hạn trên 90 ngày")))))) | I7: =IFERROR($D7/$C7,"")
A8: =IF('Hợp đồng'!A8="","",'Hợp đồng'!A8) | B8: =IF($A8="","",'Hợp đồng'!E8) | C8: =IF($A8="","",'Hợp đồng'!H8) | D8: =IF($A8="","",SUMIFS('Thanh toán'!$E$4:$E$303,'Thanh toán'!$C$4:$C$303,$A8)) | E8: =IF($A8="","",$C8-$D8) | F8: =IF($A8="","",'Hợp đồng'!P8) | G8: =IF($A8="",0,IF($E8<=0,0,IF($F8="",0,MAX(0,TODAY()-$F8)))) | H8: =IF($A8="","",IF($E8<=0,"Đã thu đủ",IF($G8=0,"Trong hạn",IF($G8<=30,"Quá hạn 1-30 ngày",IF($G8<=60,"Quá hạn 31-60 ngày",IF($G8<=90,"Quá hạn 61-90 ngày","Quá hạn trên 90 ngày")))))) | I8: =IFERROR($D8/$C8,"")
A9: =IF('Hợp đồng'!A9="","",'Hợp đồng'!A9) | B9: =IF($A9="","",'Hợp đồng'!E9) | C9: =IF($A9="","",'Hợp đồng'!H9) | D9: =IF($A9="","",SUMIFS('Thanh toán'!$E$4:$E$303,'Thanh toán'!$C$4:$C$303,$A9)) | E9: =IF($A9="","",$C9-$D9) | F9: =IF($A9="","",'Hợp đồng'!P9) | G9: =IF($A9="",0,IF($E9<=0,0,IF($F9="",0,MAX(0,TODAY()-$F9)))) | H9: =IF($A9="","",IF($E9<=0,"Đã thu đủ",IF($G9=0,"Trong hạn",IF($G9<=30,"Quá hạn 1-30 ngày",IF($G9<=60,"Quá hạn 31-60 ngày",IF($G9<=90,"Quá hạn 61-90 ngày","Quá hạn trên 90 ngày")))))) | I9: =IFERROR($D9/$C9,"")
A10: =IF('Hợp đồng'!A10="","",'Hợp đồng'!A10) | B10: =IF($A10="","",'Hợp đồng'!E10) | C10: =IF($A10="","",'Hợp đồng'!H10) | D10: =IF($A10="","",SUMIFS('Thanh toán'!$E$4:$E$303,'Thanh toán'!$C$4:$C$303,$A10)) | E10: =IF($A10="","",$C10-$D10) | F10: =IF($A10="","",'Hợp đồng'!P10) | G10: =IF($A10="",0,IF($E10<=0,0,IF($F10="",0,MAX(0,TODAY()-$F10)))) | H10: =IF($A10="","",IF($E10<=0,"Đã thu đủ",IF($G10=0,"Trong hạn",IF($G10<=30,"Quá hạn 1-30 ngày",IF($G10<=60,"Quá hạn 31-60 ngày",IF($G10<=90,"Quá hạn 61-90 ngày","Quá hạn trên 90 ngày")))))) | I10: =IFERROR($D10/$C10,"")
A11: =IF('Hợp đồng'!A11="","",'Hợp đồng'!A11) | B11: =IF($A11="","",'Hợp đồng'!E11) | C11: =IF($A11="","",'Hợp đồng'!H11) | D11: =IF($A11="","",SUMIFS('Thanh toán'!$E$4:$E$303,'Thanh toán'!$C$4:$C$303,$A11)) | E11: =IF($A11="","",$C11-$D11) | F11: =IF($A11="","",'Hợp đồng'!P11) | G11: =IF($A11="",0,IF($E11<=0,0,IF($F11="",0,MAX(0,TODAY()-$F11)))) | H11: =IF($A11="","",IF($E11<=0,"Đã thu đủ",IF($G11=0,"Trong hạn",IF($G11<=30,"Quá hạn 1-30 ngày",IF($G11<=60,"Quá hạn 31-60 ngày",IF($G11<=90,"Quá hạn 61-90 ngày","Quá hạn trên 90 ngày")))))) | I11: =IFERROR($D11/$C11,"")
A12: =IF('Hợp đồng'!A12="","",'Hợp đồng'!A12) | B12: =IF($A12="","",'Hợp đồng'!E12) | C12: =IF($A12="","",'Hợp đồng'!H12) | D12: =IF($A12="","",SUMIFS('Thanh toán'!$E$4:$E$303,'Thanh toán'!$C$4:$C$303,$A12)) | E12: =IF($A12="","",$C12-$D12) | F12: =IF($A12="","",'Hợp đồng'!P12) | G12: =IF($A12="",0,IF($E12<=0,0,IF($F12="",0,MAX(0,TODAY()-$F12)))) | H12: =IF($A12="","",IF($E12<=0,"Đã thu đủ",IF($G12=0,"Trong hạn",IF($G12<=30,"Quá hạn 1-30 ngày",IF($G12<=60,"Quá hạn 31-60 ngày",IF($G12<=90,"Quá hạn 61-90 ngày","Quá hạn trên 90 ngày")))))) | I12: =IFERROR($D12/$C12,"")
A13: =IF('Hợp đồng'!A13="","",'Hợp đồng'!A13) | B13: =IF($A13="","",'Hợp đồng'!E13) | C13: =IF($A13="","",'Hợp đồng'!H13) | D13: =IF($A13="","",SUMIFS('Thanh toán'!$E$4:$E$303,'Thanh toán'!$C$4:$C$303,$A13)) | E13: =IF($A13="","",$C13-$D13) | F13: =IF($A13="","",'Hợp đồng'!P13) | G13: =IF($A13="",0,IF($E13<=0,0,IF($F13="",0,MAX(0,TODAY()-$F13)))) | H13: =IF($A13="","",IF($E13<=0,"Đã thu đủ",IF($G13=0,"Trong hạn",IF($G13<=30,"Quá hạn 1-30 ngày",IF($G13<=60,"Quá hạn 31-60 ngày",IF($G13<=90,"Quá hạn 61-90 ngày","Quá hạn trên 90 ngày")))))) | I13: =IFERROR($D13/$C13,"")
A14: =IF('Hợp đồng'!A14="","",'Hợp đồng'!A14) | B14: =IF($A14="","",'Hợp đồng'!E14) | C14: =IF($A14="","",'Hợp đồng'!H14) | D14: =IF($A14="","",SUMIFS('Thanh toán'!$E$4:$E$303,'Thanh toán'!$C$4:$C$303,$A14)) | E14: =IF($A14="","",$C14-$D14) | F14: =IF($A14="","",'Hợp đồng'!P14) | G14: =IF($A14="",0,IF($E14<=0,0,IF($F14="",0,MAX(0,TODAY()-$F14)))) | H14: =IF($A14="","",IF($E14<=0,"Đã thu đủ",IF($G14=0,"Trong hạn",IF($G14<=30,"Quá hạn 1-30 ngày",IF($G14<=60,"Quá hạn 31-60 ngày",IF($G14<=90,"Quá hạn 61-90 ngày","Quá hạn trên 90 ngày")))))) | I14: =IFERROR($D14/$C14,"")
A15: =IF('Hợp đồng'!A15="","",'Hợp đồng'!A15) | B15: =IF($A15="","",'Hợp đồng'!E15) | C15: =IF($A15="","",'Hợp đồng'!H15) | D15: =IF($A15="","",SUMIFS('Thanh toán'!$E$4:$E$303,'Thanh toán'!$C$4:$C$303,$A15)) | E15: =IF($A15="","",$C15-$D15) | F15: =IF($A15="","",'Hợp đồng'!P15) | G15: =IF($A15="",0,IF($E15<=0,0,IF($F15="",0,MAX(0,TODAY()-$F15)))) | H15: =IF($A15="","",IF($E15<=0,"Đã thu đủ",IF($G15=0,"Trong hạn",IF($G15<=30,"Quá hạn 1-30 ngày",IF($G15<=60,"Quá hạn 31-60 ngày",IF($G15<=90,"Quá hạn 61-90 ngày","Quá hạn trên 90 ngày")))))) | I15: =IFERROR($D15/$C15,"")
... A203: =IF('Hợp đồng'!A203="","",'Hợp đồng'!A203) | B203: =IF($A203="","",'Hợp đồng'!E203) | C203: =IF($A203="","",'Hợp đồng'!H203) | D203: =IF($A203="","",SUMIFS('Thanh toán'!$E$4:$E$303,'Thanh toán'!$C$4:$C$303,$A203)) | E203: =IF($A203="","",$C203-$D203) | F203: =IF($A203="","",'Hợp đồng'!P203) | G203: =IF($A203="",0,IF($E203<=0,0,IF($F203="",0,MAX(0,TODAY()-$F203)))) | H203: =IF($A203="","",IF($E203<=0,"Đã thu đủ",IF($G203=0,"Trong hạn",IF($G203<=30,"Quá hạn 1-30 ngày",IF($G203<=60,"Quá hạn 31-60 ngày",IF($G203<=90,"Quá hạn 61-90 ngày","Quá hạn trên 90 ngày")))))) | I203: =IFERROR($D203/$C203,"")
A204: TỔNG CỘNG | C204: =SUM(C4:C203) | D204: =SUM(D4:D203) | E204: =SUM(E4:E203) | I204: =IFERROR($D204/$C204,0)

Sheet Báo cáo tháng
A1: Năm báo cáo: | B1: 2026 | C1: ← Nhập năm cần xem
A2: TỔNG HỢP THEO THÁNG
A3: Tháng | B3: Số báo giá | C3: Giá trị báo giá (VNĐ) | D3: Số BG thắng | E3: Giá trị thắng (VNĐ) | F3: Tỷ lệ thắng | G3: Số HĐ/PO ký | H3: Giá trị HĐ ký (VNĐ) | I3: Số đơn giao đúng hạn | J3: Tỷ lệ giao đúng hạn | K3: Tiền thu được (VNĐ)
A4: 1 | B4: =COUNTIFS('Báo giá'!$M$4:$M$203,$A4,'Báo giá'!$N$4:$N$203,$B$1) | C4: =SUMIFS('Báo giá'!$H$4:$H$203,'Báo giá'!$M$4:$M$203,$A4,'Báo giá'!$N$4:$N$203,$B$1) | D4: =COUNTIFS('Báo giá'!$Q$4:$Q$203,$A4,'Báo giá'!$R$4:$R$203,$B$1,'Báo giá'!$J$4:$J$203,"Thắng") | E4: =SUMIFS('Báo giá'!$H$4:$H$203,'Báo giá'!$Q$4:$Q$203,$A4,'Báo giá'!$R$4:$R$203,$B$1,'Báo giá'!$J$4:$J$203,"Thắng") | F4: =IFERROR($E4/$C4,0) | G4: =COUNTIFS('Hợp đồng'!$Q$4:$Q$203,$A4,'Hợp đồng'!$R$4:$R$203,$B$1) | H4: =SUMIFS('Hợp đồng'!$H$4:$H$203,'Hợp đồng'!$Q$4:$Q$203,$A4,'Hợp đồng'!$R$4:$R$203,$B$1) | I4: =COUNTIFS('Hợp đồng'!$Q$4:$Q$203,$A4,'Hợp đồng'!$R$4:$R$203,$B$1,'Hợp đồng'!$L$4:$L$203,"Đúng hạn") | J4: =IFERROR($I4/$G4,0) | K4: =SUMIFS('Thanh toán'!$E$4:$E$303,'Thanh toán'!$H$4:$H$303,$A4,'Thanh toán'!$I$4:$I$303,$B$1)
A5: 2 | B5: =COUNTIFS('Báo giá'!$M$4:$M$203,$A5,'Báo giá'!$N$4:$N$203,$B$1) | C5: =SUMIFS('Báo giá'!$H$4:$H$203,'Báo giá'!$M$4:$M$203,$A5,'Báo giá'!$N$4:$N$203,$B$1) | D5: =COUNTIFS('Báo giá'!$Q$4:$Q$203,$A5,'Báo giá'!$R$4:$R$203,$B$1,'Báo giá'!$J$4:$J$203,"Thắng") | E5: =SUMIFS('Báo giá'!$H$4:$H$203,'Báo giá'!$Q$4:$Q$203,$A5,'Báo giá'!$R$4:$R$203,$B$1,'Báo giá'!$J$4:$J$203,"Thắng") | F5: =IFERROR($E5/$C5,0) | G5: =COUNTIFS('Hợp đồng'!$Q$4:$Q$203,$A5,'Hợp đồng'!$R$4:$R$203,$B$1) | H5: =SUMIFS('Hợp đồng'!$H$4:$H$203,'Hợp đồng'!$Q$4:$Q$203,$A5,'Hợp đồng'!$R$4:$R$203,$B$1) | I5: =COUNTIFS('Hợp đồng'!$Q$4:$Q$203,$A5,'Hợp đồng'!$R$4:$R$203,$B$1,'Hợp đồng'!$L$4:$L$203,"Đúng hạn") | J5: =IFERROR($I5/$G5,0) | K5: =SUMIFS('Thanh toán'!$E$4:$E$303,'Thanh toán'!$H$4:$H$303,$A5,'Thanh toán'!$I$4:$I$303,$B$1)
A6: 3 | B6: =COUNTIFS('Báo giá'!$M$4:$M$203,$A6,'Báo giá'!$N$4:$N$203,$B$1) | C6: =SUMIFS('Báo giá'!$H$4:$H$203,'Báo giá'!$M$4:$M$203,$A6,'Báo giá'!$N$4:$N$203,$B$1) | D6: =COUNTIFS('Báo giá'!$Q$4:$Q$203,$A6,'Báo giá'!$R$4:$R$203,$B$1,'Báo giá'!$J$4:$J$203,"Thắng") | E6: =SUMIFS('Báo giá'!$H$4:$H$203,'Báo giá'!$Q$4:$Q$203,$A6,'Báo giá'!$R$4:$R$203,$B$1,'Báo giá'!$J$4:$J$203,"Thắng") | F6: =IFERROR($E6/$C6,0) | G6: =COUNTIFS('Hợp đồng'!$Q$4:$Q$203,$A6,'Hợp đồng'!$R$4:$R$203,$B$1) | H6: =SUMIFS('Hợp đồng'!$H$4:$H$203,'Hợp đồng'!$Q$4:$Q$203,$A6,'Hợp đồng'!$R$4:$R$203,$B$1) | I6: =COUNTIFS('Hợp đồng'!$Q$4:$Q$203,$A6,'Hợp đồng'!$R$4:$R$203,$B$1,'Hợp đồng'!$L$4:$L$203,"Đúng hạn") | J6: =IFERROR($I6/$G6,0) | K6: =SUMIFS('Thanh toán'!$E$4:$E$303,'Thanh toán'!$H$4:$H$303,$A6,'Thanh toán'!$I$4:$I$303,$B$1)
A7: 4 | B7: =COUNTIFS('Báo giá'!$M$4:$M$203,$A7,'Báo giá'!$N$4:$N$203,$B$1) | C7: =SUMIFS('Báo giá'!$H$4:$H$203,'Báo giá'!$M$4:$M$203,$A7,'Báo giá'!$N$4:$N$203,$B$1) | D7: =COUNTIFS('Báo giá'!$Q$4:$Q$203,$A7,'Báo giá'!$R$4:$R$203,$B$1,'Báo giá'!$J$4:$J$203,"Thắng") | E7: =SUMIFS('Báo giá'!$H$4:$H$203,'Báo giá'!$Q$4:$Q$203,$A7,'Báo giá'!$R$4:$R$203,$B$1,'Báo giá'!$J$4:$J$203,"Thắng") | F7: =IFERROR($E7/$C7,0) | G7: =COUNTIFS('Hợp đồng'!$Q$4:$Q$203,$A7,'Hợp đồng'!$R$4:$R$203,$B$1) | H7: =SUMIFS('Hợp đồng'!$H$4:$H$203,'Hợp đồng'!$Q$4:$Q$203,$A7,'Hợp đồng'!$R$4:$R$203,$B$1) | I7: =COUNTIFS('Hợp đồng'!$Q$4:$Q$203,$A7,'Hợp đồng'!$R$4:$R$203,$B$1,'Hợp đồng'!$L$4:$L$203,"Đúng hạn") | J7: =IFERROR($I7/$G7,0) | K7: =SUMIFS('Thanh toán'!$E$4:$E$303,'Thanh toán'!$H$4:$H$303,$A7,'Thanh toán'!$I$4:$I$303,$B$1)
A8: 5 | B8: =COUNTIFS('Báo giá'!$M$4:$M$203,$A8,'Báo giá'!$N$4:$N$203,$B$1) | C8: =SUMIFS('Báo giá'!$H$4:$H$203,'Báo giá'!$M$4:$M$203,$A8,'Báo giá'!$N$4:$N$203,$B$1) | D8: =COUNTIFS('Báo giá'!$Q$4:$Q$203,$A8,'Báo giá'!$R$4:$R$203,$B$1,'Báo giá'!$J$4:$J$203,"Thắng") | E8: =SUMIFS('Báo giá'!$H$4:$H$203,'Báo giá'!$Q$4:$Q$203,$A8,'Báo giá'!$R$4:$R$203,$B$1,'Báo giá'!$J$4:$J$203,"Thắng") | F8: =IFERROR($E8/$C8,0) | G8: =COUNTIFS('Hợp đồng'!$Q$4:$Q$203,$A8,'Hợp đồng'!$R$4:$R$203,$B$1) | H8: =SUMIFS('Hợp đồng'!$H$4:$H$203,'Hợp đồng'!$Q$4:$Q$203,$A8,'Hợp đồng'!$R$4:$R$203,$B$1) | I8: =COUNTIFS('Hợp đồng'!$Q$4:$Q$203,$A8,'Hợp đồng'!$R$4:$R$203,$B$1,'Hợp đồng'!$L$4:$L$203,"Đúng hạn") | J8: =IFERROR($I8/$G8,0) | K8: =SUMIFS('Thanh toán'!$E$4:$E$303,'Thanh toán'!$H$4:$H$303,$A8,'Thanh toán'!$I$4:$I$303,$B$1)
A9: 6 | B9: =COUNTIFS('Báo giá'!$M$4:$M$203,$A9,'Báo giá'!$N$4:$N$203,$B$1) | C9: =SUMIFS('Báo giá'!$H$4:$H$203,'Báo giá'!$M$4:$M$203,$A9,'Báo giá'!$N$4:$N$203,$B$1) | D9: =COUNTIFS('Báo giá'!$Q$4:$Q$203,$A9,'Báo giá'!$R$4:$R$203,$B$1,'Báo giá'!$J$4:$J$203,"Thắng") | E9: =SUMIFS('Báo giá'!$H$4:$H$203,'Báo giá'!$Q$4:$Q$203,$A9,'Báo giá'!$R$4:$R$203,$B$1,'Báo giá'!$J$4:$J$203,"Thắng") | F9: =IFERROR($E9/$C9,0) | G9: =COUNTIFS('Hợp đồng'!$Q$4:$Q$203,$A9,'Hợp đồng'!$R$4:$R$203,$B$1) | H9: =SUMIFS('Hợp đồng'!$H$4:$H$203,'Hợp đồng'!$Q$4:$Q$203,$A9,'Hợp đồng'!$R$4:$R$203,$B$1) | I9: =COUNTIFS('Hợp đồng'!$Q$4:$Q$203,$A9,'Hợp đồng'!$R$4:$R$203,$B$1,'Hợp đồng'!$L$4:$L$203,"Đúng hạn") | J9: =IFERROR($I9/$G9,0) | K9: =SUMIFS('Thanh toán'!$E$4:$E$303,'Thanh toán'!$H$4:$H$303,$A9,'Thanh toán'!$I$4:$I$303,$B$1)
A10: 7 | B10: =COUNTIFS('Báo giá'!$M$4:$M$203,$A10,'Báo giá'!$N$4:$N$203,$B$1) | C10: =SUMIFS('Báo giá'!$H$4:$H$203,'Báo giá'!$M$4:$M$203,$A10,'Báo giá'!$N$4:$N$203,$B$1) | D10: =COUNTIFS('Báo giá'!$Q$4:$Q$203,$A10,'Báo giá'!$R$4:$R$203,$B$1,'Báo giá'!$J$4:$J$203,"Thắng") | E10: =SUMIFS('Báo giá'!$H$4:$H$203,'Báo giá'!$Q$4:$Q$203,$A10,'Báo giá'!$R$4:$R$203,$B$1,'Báo giá'!$J$4:$J$203,"Thắng") | F10: =IFERROR($E10/$C10,0) | G10: =COUNTIFS('Hợp đồng'!$Q$4:$Q$203,$A10,'Hợp đồng'!$R$4:$R$203,$B$1) | H10: =SUMIFS('Hợp đồng'!$H$4:$H$203,'Hợp đồng'!$Q$4:$Q$203,$A10,'Hợp đồng'!$R$4:$R$203,$B$1) | I10: =COUNTIFS('Hợp đồng'!$Q$4:$Q$203,$A10,'Hợp đồng'!$R$4:$R$203,$B$1,'Hợp đồng'!$L$4:$L$203,"Đúng hạn") | J10: =IFERROR($I10/$G10,0) | K10: =SUMIFS('Thanh toán'!$E$4:$E$303,'Thanh toán'!$H$4:$H$303,$A10,'Thanh toán'!$I$4:$I$303,$B$1)
A11: 8 | B11: =COUNTIFS('Báo giá'!$M$4:$M$203,$A11,'Báo giá'!$N$4:$N$203,$B$1) | C11: =SUMIFS('Báo giá'!$H$4:$H$203,'Báo giá'!$M$4:$M$203,$A11,'Báo giá'!$N$4:$N$203,$B$1) | D11: =COUNTIFS('Báo giá'!$Q$4:$Q$203,$A11,'Báo giá'!$R$4:$R$203,$B$1,'Báo giá'!$J$4:$J$203,"Thắng") | E11: =SUMIFS('Báo giá'!$H$4:$H$203,'Báo giá'!$Q$4:$Q$203,$A11,'Báo giá'!$R$4:$R$203,$B$1,'Báo giá'!$J$4:$J$203,"Thắng") | F11: =IFERROR($E11/$C11,0) | G11: =COUNTIFS('Hợp đồng'!$Q$4:$Q$203,$A11,'Hợp đồng'!$R$4:$R$203,$B$1) | H11: =SUMIFS('Hợp đồng'!$H$4:$H$203,'Hợp đồng'!$Q$4:$Q$203,$A11,'Hợp đồng'!$R$4:$R$203,$B$1) | I11: =COUNTIFS('Hợp đồng'!$Q$4:$Q$203,$A11,'Hợp đồng'!$R$4:$R$203,$B$1,'Hợp đồng'!$L$4:$L$203,"Đúng hạn") | J11: =IFERROR($I11/$G11,0) | K11: =SUMIFS('Thanh toán'!$E$4:$E$303,'Thanh toán'!$H$4:$H$303,$A11,'Thanh toán'!$I$4:$I$303,$B$1)
A12: 9 | B12: =COUNTIFS('Báo giá'!$M$4:$M$203,$A12,'Báo giá'!$N$4:$N$203,$B$1) | C12: =SUMIFS('Báo giá'!$H$4:$H$203,'Báo giá'!$M$4:$M$203,$A12,'Báo giá'!$N$4:$N$203,$B$1) | D12: =COUNTIFS('Báo giá'!$Q$4:$Q$203,$A12,'Báo giá'!$R$4:$R$203,$B$1,'Báo giá'!$J$4:$J$203,"Thắng") | E12: =SUMIFS('Báo giá'!$H$4:$H$203,'Báo giá'!$Q$4:$Q$203,$A12,'Báo giá'!$R$4:$R$203,$B$1,'Báo giá'!$J$4:$J$203,"Thắng") | F12: =IFERROR($E12/$C12,0) | G12: =COUNTIFS('Hợp đồng'!$Q$4:$Q$203,$A12,'Hợp đồng'!$R$4:$R$203,$B$1) | H12: =SUMIFS('Hợp đồng'!$H$4:$H$203,'Hợp đồng'!$Q$4:$Q$203,$A12,'Hợp đồng'!$R$4:$R$203,$B$1) | I12: =COUNTIFS('Hợp đồng'!$Q$4:$Q$203,$A12,'Hợp đồng'!$R$4:$R$203,$B$1,'Hợp đồng'!$L$4:$L$203,"Đúng hạn") | J12: =IFERROR($I12/$G12,0) | K12: =SUMIFS('Thanh toán'!$E$4:$E$303,'Thanh toán'!$H$4:$H$303,$A12,'Thanh toán'!$I$4:$I$303,$B$1)
A13: 10 | B13: =COUNTIFS('Báo giá'!$M$4:$M$203,$A13,'Báo giá'!$N$4:$N$203,$B$1) | C13: =SUMIFS('Báo giá'!$H$4:$H$203,'Báo giá'!$M$4:$M$203,$A13,'Báo giá'!$N$4:$N$203,$B$1) | D13: =COUNTIFS('Báo giá'!$Q$4:$Q$203,$A13,'Báo giá'!$R$4:$R$203,$B$1,'Báo giá'!$J$4:$J$203,"Thắng") | E13: =SUMIFS('Báo giá'!$H$4:$H$203,'Báo giá'!$Q$4:$Q$203,$A13,'Báo giá'!$R$4:$R$203,$B$1,'Báo giá'!$J$4:$J$203,"Thắng") | F13: =IFERROR($E13/$C13,0) | G13: =COUNTIFS('Hợp đồng'!$Q$4:$Q$203,$A13,'Hợp đồng'!$R$4:$R$203,$B$1) | H13: =SUMIFS('Hợp đồng'!$H$4:$H$203,'Hợp đồng'!$Q$4:$Q$203,$A13,'Hợp đồng'!$R$4:$R$203,$B$1) | I13: =COUNTIFS('Hợp đồng'!$Q$4:$Q$203,$A13,'Hợp đồng'!$R$4:$R$203,$B$1,'Hợp đồng'!$L$4:$L$203,"Đúng hạn") | J13: =IFERROR($I13/$G13,0) | K13: =SUMIFS('Thanh toán'!$E$4:$E$303,'Thanh toán'!$H$4:$H$303,$A13,'Thanh toán'!$I$4:$I$303,$B$1)
A14: 11 | B14: =COUNTIFS('Báo giá'!$M$4:$M$203,$A14,'Báo giá'!$N$4:$N$203,$B$1) | C14: =SUMIFS('Báo giá'!$H$4:$H$203,'Báo giá'!$M$4:$M$203,$A14,'Báo giá'!$N$4:$N$203,$B$1) | D14: =COUNTIFS('Báo giá'!$Q$4:$Q$203,$A14,'Báo giá'!$R$4:$R$203,$B$1,'Báo giá'!$J$4:$J$203,"Thắng") | E14: =SUMIFS('Báo giá'!$H$4:$H$203,'Báo giá'!$Q$4:$Q$203,$A14,'Báo giá'!$R$4:$R$203,$B$1,'Báo giá'!$J$4:$J$203,"Thắng") | F14: =IFERROR($E14/$C14,0) | G14: =COUNTIFS('Hợp đồng'!$Q$4:$Q$203,$A14,'Hợp đồng'!$R$4:$R$203,$B$1) | H14: =SUMIFS('Hợp đồng'!$H$4:$H$203,'Hợp đồng'!$Q$4:$Q$203,$A14,'Hợp đồng'!$R$4:$R$203,$B$1) | I14: =COUNTIFS('Hợp đồng'!$Q$4:$Q$203,$A14,'Hợp đồng'!$R$4:$R$203,$B$1,'Hợp đồng'!$L$4:$L$203,"Đúng hạn") | J14: =IFERROR($I14/$G14,0) | K14: =SUMIFS('Thanh toán'!$E$4:$E$303,'Thanh toán'!$H$4:$H$303,$A14,'Thanh toán'!$I$4:$I$303,$B$1)
A15: 12 | B15: =COUNTIFS('Báo giá'!$M$4:$M$203,$A15,'Báo giá'!$N$4:$N$203,$B$1) | C15: =SUMIFS('Báo giá'!$H$4:$H$203,'Báo giá'!$M$4:$M$203,$A15,'Báo giá'!$N$4:$N$203,$B$1) | D15: =COUNTIFS('Báo giá'!$Q$4:$Q$203,$A15,'Báo giá'!$R$4:$R$203,$B$1,'Báo giá'!$J$4:$J$203,"Thắng") | E15: =SUMIFS('Báo giá'!$H$4:$H$203,'Báo giá'!$Q$4:$Q$203,$A15,'Báo giá'!$R$4:$R$203,$B$1,'Báo giá'!$J$4:$J$203,"Thắng") | F15: =IFERROR($E15/$C15,0) | G15: =COUNTIFS('Hợp đồng'!$Q$4:$Q$203,$A15,'Hợp đồng'!$R$4:$R$203,$B$1) | H15: =SUMIFS('Hợp đồng'!$H$4:$H$203,'Hợp đồng'!$Q$4:$Q$203,$A15,'Hợp đồng'!$R$4:$R$203,$B$1) | I15: =COUNTIFS('Hợp đồng'!$Q$4:$Q$203,$A15,'Hợp đồng'!$R$4:$R$203,$B$1,'Hợp đồng'!$L$4:$L$203,"Đúng hạn") | J15: =IFERROR($I15/$G15,0) | K15: =SUMIFS('Thanh toán'!$E$4:$E$303,'Thanh toán'!$H$4:$H$303,$A15,'Thanh toán'!$I$4:$I$303,$B$1)
A16: TỔNG CỘNG | B16: =SUM(B4:B15) | C16: =SUM(C4:C15) | D16: =SUM(D4:D15) | E16: =SUM(E4:E15) | F16: =IFERROR($E16/$C16,0) | G16: =SUM(G4:G15) | H16: =SUM(H4:H15) | I16: =SUM(I4:I15) | J16: =IFERROR($I16/$G16,0) | K16: =SUM(K4:K15)

Sheet Thống kê KH
A1: THỐNG KÊ THEO KHÁCH HÀNG
A2: Tự động lấy danh sách từ sheet 'Khách hàng' - tính trên toàn bộ dữ liệu
A3: Mã KH | B3: Tên khách hàng | C3: Số báo giá | D3: Giá trị báo giá (VNĐ) | E3: Giá trị thắng (VNĐ) | F3: Tỷ lệ thắng | G3: Giá trị hợp đồng (VNĐ) | H3: Đã thu (VNĐ) | I3: Còn phải thu (VNĐ) | J3: Nợ quá hạn (VNĐ) | K3: Hạn mức (VNĐ) | L3: Cảnh báo hạn mức
A4: =IF('Khách hàng'!A4="","",'Khách hàng'!A4) | B4: =IF($A4="","",'Khách hàng'!B4) | C4: =IF($A4="","",COUNTIFS('Báo giá'!$C$4:$C$203,$A4)) | D4: =IF($A4="","",SUMIFS('Báo giá'!$H$4:$H$203,'Báo giá'!$C$4:$C$203,$A4)) | E4: =IF($A4="","",SUMIFS('Báo giá'!$H$4:$H$203,'Báo giá'!$C$4:$C$203,$A4,'Báo giá'!$J$4:$J$203,"Thắng")) | F4: =IFERROR($E4/$D4,"") | G4: =IF($A4="","",SUMIFS('Hợp đồng'!$H$4:$H$203,'Hợp đồng'!$D$4:$D$203,$A4)) | H4: =IF($A4="","",SUMIFS('Công nợ'!$D$4:$D$203,'Công nợ'!$B$4:$B$203,$B4)) | I4: =IF($A4="","",SUMIFS('Công nợ'!$E$4:$E$203,'Công nợ'!$B$4:$B$203,$B4)) | J4: =IF($A4="","",SUMIFS('Công nợ'!$E$4:$E$203,'Công nợ'!$B$4:$B$203,$B4,'Công nợ'!$G$4:$G$203,">0")) | K4: =IF($A4="","",'Khách hàng'!F4) | L4: =IF($A4="","",IF($K4=0,"Chưa đặt hạn mức",IF($I4>$K4,"VƯỢT HẠN MỨC","Trong hạn mức")))
A5: =IF('Khách hàng'!A5="","",'Khách hàng'!A5) | B5: =IF($A5="","",'Khách hàng'!B5) | C5: =IF($A5="","",COUNTIFS('Báo giá'!$C$4:$C$203,$A5)) | D5: =IF($A5="","",SUMIFS('Báo giá'!$H$4:$H$203,'Báo giá'!$C$4:$C$203,$A5)) | E5: =IF($A5="","",SUMIFS('Báo giá'!$H$4:$H$203,'Báo giá'!$C$4:$C$203,$A5,'Báo giá'!$J$4:$J$203,"Thắng")) | F5: =IFERROR($E5/$D5,"") | G5: =IF($A5="","",SUMIFS('Hợp đồng'!$H$4:$H$203,'Hợp đồng'!$D$4:$D$203,$A5)) | H5: =IF($A5="","",SUMIFS('Công nợ'!$D$4:$D$203,'Công nợ'!$B$4:$B$203,$B5)) | I5: =IF($A5="","",SUMIFS('Công nợ'!$E$4:$E$203,'Công nợ'!$B$4:$B$203,$B5)) | J5: =IF($A5="","",SUMIFS('Công nợ'!$E$4:$E$203,'Công nợ'!$B$4:$B$203,$B5,'Công nợ'!$G$4:$G$203,">0")) | K5: =IF($A5="","",'Khách hàng'!F5) | L5: =IF($A5="","",IF($K5=0,"Chưa đặt hạn mức",IF($I5>$K5,"VƯỢT HẠN MỨC","Trong hạn mức")))
A6: =IF('Khách hàng'!A6="","",'Khách hàng'!A6) | B6: =IF($A6="","",'Khách hàng'!B6) | C6: =IF($A6="","",COUNTIFS('Báo giá'!$C$4:$C$203,$A6)) | D6: =IF($A6="","",SUMIFS('Báo giá'!$H$4:$H$203,'Báo giá'!$C$4:$C$203,$A6)) | E6: =IF($A6="","",SUMIFS('Báo giá'!$H$4:$H$203,'Báo giá'!$C$4:$C$203,$A6,'Báo giá'!$J$4:$J$203,"Thắng")) | F6: =IFERROR($E6/$D6,"") | G6: =IF($A6="","",SUMIFS('Hợp đồng'!$H$4:$H$203,'Hợp đồng'!$D$4:$D$203,$A6)) | H6: =IF($A6="","",SUMIFS('Công nợ'!$D$4:$D$203,'Công nợ'!$B$4:$B$203,$B6)) | I6: =IF($A6="","",SUMIFS('Công nợ'!$E$4:$E$203,'Công nợ'!$B$4:$B$203,$B6)) | J6: =IF($A6="","",SUMIFS('Công nợ'!$E$4:$E$203,'Công nợ'!$B$4:$B$203,$B6,'Công nợ'!$G$4:$G$203,">0")) | K6: =IF($A6="","",'Khách hàng'!F6) | L6: =IF($A6="","",IF($K6=0,"Chưa đặt hạn mức",IF($I6>$K6,"VƯỢT HẠN MỨC","Trong hạn mức")))
A7: =IF('Khách hàng'!A7="","",'Khách hàng'!A7) | B7: =IF($A7="","",'Khách hàng'!B7) | C7: =IF($A7="","",COUNTIFS('Báo giá'!$C$4:$C$203,$A7)) | D7: =IF($A7="","",SUMIFS('Báo giá'!$H$4:$H$203,'Báo giá'!$C$4:$C$203,$A7)) | E7: =IF($A7="","",SUMIFS('Báo giá'!$H$4:$H$203,'Báo giá'!$C$4:$C$203,$A7,'Báo giá'!$J$4:$J$203,"Thắng")) | F7: =IFERROR($E7/$D7,"") | G7: =IF($A7="","",SUMIFS('Hợp đồng'!$H$4:$H$203,'Hợp đồng'!$D$4:$D$203,$A7)) | H7: =IF($A7="","",SUMIFS('Công nợ'!$D$4:$D$203,'Công nợ'!$B$4:$B$203,$B7)) | I7: =IF($A7="","",SUMIFS('Công nợ'!$E$4:$E$203,'Công nợ'!$B$4:$B$203,$B7)) | J7: =IF($A7="","",SUMIFS('Công nợ'!$E$4:$E$203,'Công nợ'!$B$4:$B$203,$B7,'Công nợ'!$G$4:$G$203,">0")) | K7: =IF($A7="","",'Khách hàng'!F7) | L7: =IF($A7="","",IF($K7=0,"Chưa đặt hạn mức",IF($I7>$K7,"VƯỢT HẠN MỨC","Trong hạn mức")))
A8: =IF('Khách hàng'!A8="","",'Khách hàng'!A8) | B8: =IF($A8="","",'Khách hàng'!B8) | C8: =IF($A8="","",COUNTIFS('Báo giá'!$C$4:$C$203,$A8)) | D8: =IF($A8="","",SUMIFS('Báo giá'!$H$4:$H$203,'Báo giá'!$C$4:$C$203,$A8)) | E8: =IF($A8="","",SUMIFS('Báo giá'!$H$4:$H$203,'Báo giá'!$C$4:$C$203,$A8,'Báo giá'!$J$4:$J$203,"Thắng")) | F8: =IFERROR($E8/$D8,"") | G8: =IF($A8="","",SUMIFS('Hợp đồng'!$H$4:$H$203,'Hợp đồng'!$D$4:$D$203,$A8)) | H8: =IF($A8="","",SUMIFS('Công nợ'!$D$4:$D$203,'Công nợ'!$B$4:$B$203,$B8)) | I8: =IF($A8="","",SUMIFS('Công nợ'!$E$4:$E$203,'Công nợ'!$B$4:$B$203,$B8)) | J8: =IF($A8="","",SUMIFS('Công nợ'!$E$4:$E$203,'Công nợ'!$B$4:$B$203,$B8,'Công nợ'!$G$4:$G$203,">0")) | K8: =IF($A8="","",'Khách hàng'!F8) | L8: =IF($A8="","",IF($K8=0,"Chưa đặt hạn mức",IF($I8>$K8,"VƯỢT HẠN MỨC","Trong hạn mức")))
A9: =IF('Khách hàng'!A9="","",'Khách hàng'!A9) | B9: =IF($A9="","",'Khách hàng'!B9) | C9: =IF($A9="","",COUNTIFS('Báo giá'!$C$4:$C$203,$A9)) | D9: =IF($A9="","",SUMIFS('Báo giá'!$H$4:$H$203,'Báo giá'!$C$4:$C$203,$A9)) | E9: =IF($A9="","",SUMIFS('Báo giá'!$H$4:$H$203,'Báo giá'!$C$4:$C$203,$A9,'Báo giá'!$J$4:$J$203,"Thắng")) | F9: =IFERROR($E9/$D9,"") | G9: =IF($A9="","",SUMIFS('Hợp đồng'!$H$4:$H$203,'Hợp đồng'!$D$4:$D$203,$A9)) | H9: =IF($A9="","",SUMIFS('Công nợ'!$D$4:$D$203,'Công nợ'!$B$4:$B$203,$B9)) | I9: =IF($A9="","",SUMIFS('Công nợ'!$E$4:$E$203,'Công nợ'!$B$4:$B$203,$B9)) | J9: =IF($A9="","",SUMIFS('Công nợ'!$E$4:$E$203,'Công nợ'!$B$4:$B$203,$B9,'Công nợ'!$G$4:$G$203,">0")) | K9: =IF($A9="","",'Khách hàng'!F9) | L9: =IF($A9="","",IF($K9=0,"Chưa đặt hạn mức",IF($I9>$K9,"VƯỢT HẠN MỨC","Trong hạn mức")))
A10: =IF('Khách hàng'!A10="","",'Khách hàng'!A10) | B10: =IF($A10="","",'Khách hàng'!B10) | C10: =IF($A10="","",COUNTIFS('Báo giá'!$C$4:$C$203,$A10)) | D10: =IF($A10="","",SUMIFS('Báo giá'!$H$4:$H$203,'Báo giá'!$C$4:$C$203,$A10)) | E10: =IF($A10="","",SUMIFS('Báo giá'!$H$4:$H$203,'Báo giá'!$C$4:$C$203,$A10,'Báo giá'!$J$4:$J$203,"Thắng")) | F10: =IFERROR($E10/$D10,"") | G10: =IF($A10="","",SUMIFS('Hợp đồng'!$H$4:$H$203,'Hợp đồng'!$D$4:$D$203,$A10)) | H10: =IF($A10="","",SUMIFS('Công nợ'!$D$4:$D$203,'Công nợ'!$B$4:$B$203,$B10)) | I10: =IF($A10="","",SUMIFS('Công nợ'!$E$4:$E$203,'Công nợ'!$B$4:$B$203,$B10)) | J10: =IF($A10="","",SUMIFS('Công nợ'!$E$4:$E$203,'Công nợ'!$B$4:$B$203,$B10,'Công nợ'!$G$4:$G$203,">0")) | K10: =IF($A10="","",'Khách hàng'!F10) | L10: =IF($A10="","",IF($K10=0,"Chưa đặt hạn mức",IF($I10>$K10,"VƯỢT HẠN MỨC","Trong hạn mức")))
A11: =IF('Khách hàng'!A11="","",'Khách hàng'!A11) | B11: =IF($A11="","",'Khách hàng'!B11) | C11: =IF($A11="","",COUNTIFS('Báo giá'!$C$4:$C$203,$A11)) | D11: =IF($A11="","",SUMIFS('Báo giá'!$H$4:$H$203,'Báo giá'!$C$4:$C$203,$A11)) | E11: =IF($A11="","",SUMIFS('Báo giá'!$H$4:$H$203,'Báo giá'!$C$4:$C$203,$A11,'Báo giá'!$J$4:$J$203,"Thắng")) | F11: =IFERROR($E11/$D11,"") | G11: =IF($A11="","",SUMIFS('Hợp đồng'!$H$4:$H$203,'Hợp đồng'!$D$4:$D$203,$A11)) | H11: =IF($A11="","",SUMIFS('Công nợ'!$D$4:$D$203,'Công nợ'!$B$4:$B$203,$B11)) | I11: =IF($A11="","",SUMIFS('Công nợ'!$E$4:$E$203,'Công nợ'!$B$4:$B$203,$B11)) | J11: =IF($A11="","",SUMIFS('Công nợ'!$E$4:$E$203,'Công nợ'!$B$4:$B$203,$B11,'Công nợ'!$G$4:$G$203,">0")) | K11: =IF($A11="","",'Khách hàng'!F11) | L11: =IF($A11="","",IF($K11=0,"Chưa đặt hạn mức",IF($I11>$K11,"VƯỢT HẠN MỨC","Trong hạn mức")))
A12: =IF('Khách hàng'!A12="","",'Khách hàng'!A12) | B12: =IF($A12="","",'Khách hàng'!B12) | C12: =IF($A12="","",COUNTIFS('Báo giá'!$C$4:$C$203,$A12)) | D12: =IF($A12="","",SUMIFS('Báo giá'!$H$4:$H$203,'Báo giá'!$C$4:$C$203,$A12)) | E12: =IF($A12="","",SUMIFS('Báo giá'!$H$4:$H$203,'Báo giá'!$C$4:$C$203,$A12,'Báo giá'!$J$4:$J$203,"Thắng")) | F12: =IFERROR($E12/$D12,"") | G12: =IF($A12="","",SUMIFS('Hợp đồng'!$H$4:$H$203,'Hợp đồng'!$D$4:$D$203,$A12)) | H12: =IF($A12="","",SUMIFS('Công nợ'!$D$4:$D$203,'Công nợ'!$B$4:$B$203,$B12)) | I12: =IF($A12="","",SUMIFS('Công nợ'!$E$4:$E$203,'Công nợ'!$B$4:$B$203,$B12)) | J12: =IF($A12="","",SUMIFS('Công nợ'!$E$4:$E$203,'Công nợ'!$B$4:$B$203,$B12,'Công nợ'!$G$4:$G$203,">0")) | K12: =IF($A12="","",'Khách hàng'!F12) | L12: =IF($A12="","",IF($K12=0,"Chưa đặt hạn mức",IF($I12>$K12,"VƯỢT HẠN MỨC","Trong hạn mức")))
A13: =IF('Khách hàng'!A13="","",'Khách hàng'!A13) | B13: =IF($A13="","",'Khách hàng'!B13) | C13: =IF($A13="","",COUNTIFS('Báo giá'!$C$4:$C$203,$A13)) | D13: =IF($A13="","",SUMIFS('Báo giá'!$H$4:$H$203,'Báo giá'!$C$4:$C$203,$A13)) | E13: =IF($A13="","",SUMIFS('Báo giá'!$H$4:$H$203,'Báo giá'!$C$4:$C$203,$A13,'Báo giá'!$J$4:$J$203,"Thắng")) | F13: =IFERROR($E13/$D13,"") | G13: =IF($A13="","",SUMIFS('Hợp đồng'!$H$4:$H$203,'Hợp đồng'!$D$4:$D$203,$A13)) | H13: =IF($A13="","",SUMIFS('Công nợ'!$D$4:$D$203,'Công nợ'!$B$4:$B$203,$B13)) | I13: =IF($A13="","",SUMIFS('Công nợ'!$E$4:$E$203,'Công nợ'!$B$4:$B$203,$B13)) | J13: =IF($A13="","",SUMIFS('Công nợ'!$E$4:$E$203,'Công nợ'!$B$4:$B$203,$B13,'Công nợ'!$G$4:$G$203,">0")) | K13: =IF($A13="","",'Khách hàng'!F13) | L13: =IF($A13="","",IF($K13=0,"Chưa đặt hạn mức",IF($I13>$K13,"VƯỢT HẠN MỨC","Trong hạn mức")))
A14: =IF('Khách hàng'!A14="","",'Khách hàng'!A14) | B14: =IF($A14="","",'Khách hàng'!B14) | C14: =IF($A14="","",COUNTIFS('Báo giá'!$C$4:$C$203,$A14)) | D14: =IF($A14="","",SUMIFS('Báo giá'!$H$4:$H$203,'Báo giá'!$C$4:$C$203,$A14)) | E14: =IF($A14="","",SUMIFS('Báo giá'!$H$4:$H$203,'Báo giá'!$C$4:$C$203,$A14,'Báo giá'!$J$4:$J$203,"Thắng")) | F14: =IFERROR($E14/$D14,"") | G14: =IF($A14="","",SUMIFS('Hợp đồng'!$H$4:$H$203,'Hợp đồng'!$D$4:$D$203,$A14)) | H14: =IF($A14="","",SUMIFS('Công nợ'!$D$4:$D$203,'Công nợ'!$B$4:$B$203,$B14)) | I14: =IF($A14="","",SUMIFS('Công nợ'!$E$4:$E$203,'Công nợ'!$B$4:$B$203,$B14)) | J14: =IF($A14="","",SUMIFS('Công nợ'!$E$4:$E$203,'Công nợ'!$B$4:$B$203,$B14,'Công nợ'!$G$4:$G$203,">0")) | K14: =IF($A14="","",'Khách hàng'!F14) | L14: =IF($A14="","",IF($K14=0,"Chưa đặt hạn mức",IF($I14>$K14,"VƯỢT HẠN MỨC","Trong hạn mức")))
A15: =IF('Khách hàng'!A15="","",'Khách hàng'!A15) | B15: =IF($A15="","",'Khách hàng'!B15) | C15: =IF($A15="","",COUNTIFS('Báo giá'!$C$4:$C$203,$A15)) | D15: =IF($A15="","",SUMIFS('Báo giá'!$H$4:$H$203,'Báo giá'!$C$4:$C$203,$A15)) | E15: =IF($A15="","",SUMIFS('Báo giá'!$H$4:$H$203,'Báo giá'!$C$4:$C$203,$A15,'Báo giá'!$J$4:$J$203,"Thắng")) | F15: =IFERROR($E15/$D15,"") | G15: =IF($A15="","",SUMIFS('Hợp đồng'!$H$4:$H$203,'Hợp đồng'!$D$4:$D$203,$A15)) | H15: =IF($A15="","",SUMIFS('Công nợ'!$D$4:$D$203,'Công nợ'!$B$4:$B$203,$B15)) | I15: =IF($A15="","",SUMIFS('Công nợ'!$E$4:$E$203,'Công nợ'!$B$4:$B$203,$B15)) | J15: =IF($A15="","",SUMIFS('Công nợ'!$E$4:$E$203,'Công nợ'!$B$4:$B$203,$B15,'Công nợ'!$G$4:$G$203,">0")) | K15: =IF($A15="","",'Khách hàng'!F15) | L15: =IF($A15="","",IF($K15=0,"Chưa đặt hạn mức",IF($I15>$K15,"VƯỢT HẠN MỨC","Trong hạn mức")))
... A103: =IF('Khách hàng'!A103="","",'Khách hàng'!A103) | B103: =IF($A103="","",'Khách hàng'!B103) | C103: =IF($A103="","",COUNTIFS('Báo giá'!$C$4:$C$203,$A103)) | D103: =IF($A103="","",SUMIFS('Báo giá'!$H$4:$H$203,'Báo giá'!$C$4:$C$203,$A103)) | E103: =IF($A103="","",SUMIFS('Báo giá'!$H$4:$H$203,'Báo giá'!$C$4:$C$203,$A103,'Báo giá'!$J$4:$J$203,"Thắng")) | F103: =IFERROR($E103/$D103,"") | G103: =IF($A103="","",SUMIFS('Hợp đồng'!$H$4:$H$203,'Hợp đồng'!$D$4:$D$203,$A103)) | H103: =IF($A103="","",SUMIFS('Công nợ'!$D$4:$D$203,'Công nợ'!$B$4:$B$203,$B103)) | I103: =IF($A103="","",SUMIFS('Công nợ'!$E$4:$E$203,'Công nợ'!$B$4:$B$203,$B103)) | J103: =IF($A103="","",SUMIFS('Công nợ'!$E$4:$E$203,'Công nợ'!$B$4:$B$203,$B103,'Công nợ'!$G$4:$G$203,">0")) | K103: =IF($A103="","",'Khách hàng'!F103) | L103: =IF($A103="","",IF($K103=0,"Chưa đặt hạn mức",IF($I103>$K103,"VƯỢT HẠN MỨC","Trong hạn mức")))
A104: TỔNG CỘNG | C104: =SUM(C4:C103) | D104: =SUM(D4:D103) | E104: =SUM(E4:E103) | F104: =IFERROR($E104/$D104,0) | G104: =SUM(G4:G103) | H104: =SUM(H4:H103) | I104: =SUM(I4:I103) | J104: =SUM(J4:J103) | K104: =SUM(K4:K103)
